Data Source,Indicadores del desarrollo mundial,,,,,,,,,,,,,,,,,,,,,,,,,,,,,,,,,,,,,,,,,,,,,,,,,,,,,,,,,,,,,,,,
,,,,,,,,,,,,,,,,,,,,,,,,,,,,,,,,,,,,,,,,,,,,,,,,,,,,,,,,,,,,,,,,,
Last Updated Date,6/30/22,,,,,,,,,,,,,,,,,,,,,,,,,,,,,,,,,,,,,,,,,,,,,,,,,,,,,,,,,,,,,,,,
,,,,,,,,,,,,,,,,,,,,,,,,,,,,,,,,,,,,,,,,,,,,,,,,,,,,,,,,,,,,,,,,,
Country Name,Country Code,Indicator Name,Indicator Code,1960,1961,1962,1963,1964,1965,1966,1967,1968,1969,1970,1971,1972,1973,1974,1975,1976,1977,1978,1979,1980,1981,1982,1983,1984,1985,1986,1987,1988,1989,1990,1991,1992,1993,1994,1995,1996,1997,1998,1999,2000,2001,2002,2003,2004,2005,2006,2007,2008,2009,2010,2011,2012,2013,2014,2015,2016,2017,2018,2019,2020,2021
Aruba,ABW,"Contaminación del aire por PM2,5, población expuesta a niveles que exceden el valor indicativo de la Organización Mundial de la Salud (OMS) (% del total)",EN.ATM.PM25.MC.ZS,,,,,,,,,,,,,,,,,,,,,,,,,,,,,,,,,,,,,,,,,,,,,,,,,,,,,,,,,,,,,,
Afganistán,AFG,"Contaminación del aire por PM2,5, población expuesta a niveles que exceden el valor indicativo de la Organización Mundial de la Salud (OMS) (% del total)",EN.ATM.PM25.MC.ZS,,,,,,,,,,,,,,,,,,,,,,,,,,,,,,,100,,,,,100,,,,,100,,,,,100,,,,,100,100,100,100,100,100,100,100,,,,
Angola,AGO,"Contaminación del aire por PM2,5, población expuesta a niveles que exceden el valor indicativo de la Organización Mundial de la Salud (OMS) (% del total)",EN.ATM.PM25.MC.ZS,,,,,,,,,,,,,,,,,,,,,,,,,,,,,,,100,,,,,100,,,,,100,,,,,100,,,,,100,100,100,100,100,100,100,100,,,,
Albania,ALB,"Contaminación del aire por PM2,5, población expuesta a niveles que exceden el valor indicativo de la Organización Mundial de la Salud (OMS) (% del total)",EN.ATM.PM25.MC.ZS,,,,,,,,,,,,,,,,,,,,,,,,,,,,,,,100,,,,,100,,,,,100,,,,,100,,,,,100,100,100,100,100,100,100,100,,,,
Andorra,AND,"Contaminación del aire por PM2,5, población expuesta a niveles que exceden el valor indicativo de la Organización Mundial de la Salud (OMS) (% del total)",EN.ATM.PM25.MC.ZS,,,,,,,,,,,,,,,,,,,,,,,,,,,,,,,100,,,,,99.98421098,,,,,99.95743197,,,,,100,,,,,99.95663582,100,99.95599732,97.68595932,16.59898025,90.84806274,17.41955772,17.82445949,,,,
El mundo árabe,ARB,"Contaminación del aire por PM2,5, población expuesta a niveles que exceden el valor indicativo de la Organización Mundial de la Salud (OMS) (% del total)",EN.ATM.PM25.MC.ZS,,,,,,,,,,,,,,,,,,,,,,,,,,,,,,,100,,,,,100,,,,,100,,,,,100,,,,,100,100,100,100,100,100,100,100,,,,
Emiratos Árabes Unidos,ARE,"Contaminación del aire por PM2,5, población expuesta a niveles que exceden el valor indicativo de la Organización Mundial de la Salud (OMS) (% del total)",EN.ATM.PM25.MC.ZS,,,,,,,,,,,,,,,,,,,,,,,,,,,,,,,100,,,,,100,,,,,100,,,,,100,,,,,100,100,100,100,100,100,100,100,,,,
Argentina,ARG,"Contaminación del aire por PM2,5, población expuesta a niveles que exceden el valor indicativo de la Organización Mundial de la Salud (OMS) (% del total)",EN.ATM.PM25.MC.ZS,,,,,,,,,,,,,,,,,,,,,,,,,,,,,,,99.60669969,,,,,99.58096493,,,,,99.54997114,,,,,99.41150392,,,,,99.44764132,99.53041309,99.21768856,99.026464,98.31406401,98.02192869,94.13945992,93.85282467,,,,
Armenia,ARM,"Contaminación del aire por PM2,5, población expuesta a niveles que exceden el valor indicativo de la Organización Mundial de la Salud (OMS) (% del total)",EN.ATM.PM25.MC.ZS,,,,,,,,,,,,,,,,,,,,,,,,,,,,,,,100,,,,,100,,,,,100,,,,,100,,,,,100,100,100,100,100,100,100,100,,,,
Samoa Americana,ASM,"Contaminación del aire por PM2,5, población expuesta a niveles que exceden el valor indicativo de la Organización Mundial de la Salud (OMS) (% del total)",EN.ATM.PM25.MC.ZS,,,,,,,,,,,,,,,,,,,,,,,,,,,,,,,100,,,,,100,,,,,100,,,,,100,,,,,100,100,100,100,100,100,100,100,,,,
Antigua y Barbuda,ATG,"Contaminación del aire por PM2,5, población expuesta a niveles que exceden el valor indicativo de la Organización Mundial de la Salud (OMS) (% del total)",EN.ATM.PM25.MC.ZS,,,,,,,,,,,,,,,,,,,,,,,,,,,,,,,100,,,,,100,,,,,100,,,,,100,,,,,100,100,100,100,100,100,100,100,,,,
Australia,AUS,"Contaminación del aire por PM2,5, población expuesta a niveles que exceden el valor indicativo de la Organización Mundial de la Salud (OMS) (% del total)",EN.ATM.PM25.MC.ZS,,,,,,,,,,,,,,,,,,,,,,,,,,,,,,,31.88340426,,,,,31.61015799,,,,,33.8320688,,,,,33.4924204,,,,,32.97097298,36.32342315,30.65454271,28.27405946,27.10551384,26.04666675,24.90420852,24.89358377,,,,
Austria,AUT,"Contaminación del aire por PM2,5, población expuesta a niveles que exceden el valor indicativo de la Organización Mundial de la Salud (OMS) (% del total)",EN.ATM.PM25.MC.ZS,,,,,,,,,,,,,,,,,,,,,,,,,,,,,,,99.65557002,,,,,99.23245662,,,,,98.67842588,,,,,99.14829843,,,,,98.45154185,99.25717078,97.41014309,95.76835515,93.78567197,91.47446535,85.01593469,85.05153767,,,,
Azerbaiyán,AZE,"Contaminación del aire por PM2,5, población expuesta a niveles que exceden el valor indicativo de la Organización Mundial de la Salud (OMS) (% del total)",EN.ATM.PM25.MC.ZS,,,,,,,,,,,,,,,,,,,,,,,,,,,,,,,100,,,,,100,,,,,100,,,,,100,,,,,100,100,100,100,100,100,100,100,,,,
Burundi,BDI,"Contaminación del aire por PM2,5, población expuesta a niveles que exceden el valor indicativo de la Organización Mundial de la Salud (OMS) (% del total)",EN.ATM.PM25.MC.ZS,,,,,,,,,,,,,,,,,,,,,,,,,,,,,,,100,,,,,100,,,,,100,,,,,100,,,,,100,100,100,100,100,100,100,100,,,,
Bélgica,BEL,"Contaminación del aire por PM2,5, población expuesta a niveles que exceden el valor indicativo de la Organización Mundial de la Salud (OMS) (% del total)",EN.ATM.PM25.MC.ZS,,,,,,,,,,,,,,,,,,,,,,,,,,,,,,,99.8690949,,,,,99.63689199,,,,,99.27541557,,,,,98.99788227,,,,,99.49558887,99.35474206,98.42810981,96.80229286,94.48915243,95.10434538,91.78911483,91.94854035,,,,
Benin,BEN,"Contaminación del aire por PM2,5, población expuesta a niveles que exceden el valor indicativo de la Organización Mundial de la Salud (OMS) (% del total)",EN.ATM.PM25.MC.ZS,,,,,,,,,,,,,,,,,,,,,,,,,,,,,,,100,,,,,100,,,,,100,,,,,100,,,,,100,100,100,100,100,100,100,100,,,,
Burkina Faso,BFA,"Contaminación del aire por PM2,5, población expuesta a niveles que exceden el valor indicativo de la Organización Mundial de la Salud (OMS) (% del total)",EN.ATM.PM25.MC.ZS,,,,,,,,,,,,,,,,,,,,,,,,,,,,,,,100,,,,,100,,,,,100,,,,,100,,,,,100,100,100,100,100,100,100,100,,,,
Bangladesh,BGD,"Contaminación del aire por PM2,5, población expuesta a niveles que exceden el valor indicativo de la Organización Mundial de la Salud (OMS) (% del total)",EN.ATM.PM25.MC.ZS,,,,,,,,,,,,,,,,,,,,,,,,,,,,,,,100,,,,,100,,,,,100,,,,,100,,,,,100,100,100,100,100,100,100,100,,,,
Bulgaria,BGR,"Contaminación del aire por PM2,5, población expuesta a niveles que exceden el valor indicativo de la Organización Mundial de la Salud (OMS) (% del total)",EN.ATM.PM25.MC.ZS,,,,,,,,,,,,,,,,,,,,,,,,,,,,,,,99.95466196,,,,,99.95382521,,,,,99.96193354,,,,,99.96311162,,,,,99.96438954,99.96465041,99.96493776,99.96527947,99.9657025,99.96623179,99.89349344,99.89467432,,,,
Bahrein,BHR,"Contaminación del aire por PM2,5, población expuesta a niveles que exceden el valor indicativo de la Organización Mundial de la Salud (OMS) (% del total)",EN.ATM.PM25.MC.ZS,,,,,,,,,,,,,,,,,,,,,,,,,,,,,,,100,,,,,100,,,,,100,,,,,100,,,,,100,100,100,100,100,100,100,100,,,,
Bahamas,BHS,"Contaminación del aire por PM2,5, población expuesta a niveles que exceden el valor indicativo de la Organización Mundial de la Salud (OMS) (% del total)",EN.ATM.PM25.MC.ZS,,,,,,,,,,,,,,,,,,,,,,,,,,,,,,,100,,,,,100,,,,,100,,,,,100,,,,,100,100,100,100,100,100,99.99999999,99.99999999,,,,
Bosnia y Herzegovina,BIH,"Contaminación del aire por PM2,5, población expuesta a niveles que exceden el valor indicativo de la Organización Mundial de la Salud (OMS) (% del total)",EN.ATM.PM25.MC.ZS,,,,,,,,,,,,,,,,,,,,,,,,,,,,,,,100,,,,,100,,,,,100,,,,,100,,,,,100,100,100,100,100,100,99.95544692,99.95523503,,,,
Belarús,BLR,"Contaminación del aire por PM2,5, población expuesta a niveles que exceden el valor indicativo de la Organización Mundial de la Salud (OMS) (% del total)",EN.ATM.PM25.MC.ZS,,,,,,,,,,,,,,,,,,,,,,,,,,,,,,,100,,,,,100,,,,,100,,,,,100,,,,,100,100,100,100,100,100,100,99.93135197,,,,
Belice,BLZ,"Contaminación del aire por PM2,5, población expuesta a niveles que exceden el valor indicativo de la Organización Mundial de la Salud (OMS) (% del total)",EN.ATM.PM25.MC.ZS,,,,,,,,,,,,,,,,,,,,,,,,,,,,,,,100,,,,,100,,,,,100,,,,,100,,,,,100,100,100,100,100,100,100,100,,,,
Bermudas,BMU,"Contaminación del aire por PM2,5, población expuesta a niveles que exceden el valor indicativo de la Organización Mundial de la Salud (OMS) (% del total)",EN.ATM.PM25.MC.ZS,,,,,,,,,,,,,,,,,,,,,,,,,,,,,,,100,,,,,100,,,,,100,,,,,100,,,,,100,100,100,100,100,100,100,100,,,,
Bolivia,BOL,"Contaminación del aire por PM2,5, población expuesta a niveles que exceden el valor indicativo de la Organización Mundial de la Salud (OMS) (% del total)",EN.ATM.PM25.MC.ZS,,,,,,,,,,,,,,,,,,,,,,,,,,,,,,,100,,,,,100,,,,,100,,,,,100,,,,,100,100,100,100,100,99.9997323,99.99748599,99.99913202,,,,
Brasil,BRA,"Contaminación del aire por PM2,5, población expuesta a niveles que exceden el valor indicativo de la Organización Mundial de la Salud (OMS) (% del total)",EN.ATM.PM25.MC.ZS,,,,,,,,,,,,,,,,,,,,,,,,,,,,,,,88.9953306,,,,,89.49137668,,,,,90.79140477,,,,,89.78408308,,,,,90.93812329,91.92837459,86.82923025,85.33471375,77.11647309,74.92775153,67.95255918,68.13503006,,,,
Barbados,BRB,"Contaminación del aire por PM2,5, población expuesta a niveles que exceden el valor indicativo de la Organización Mundial de la Salud (OMS) (% del total)",EN.ATM.PM25.MC.ZS,,,,,,,,,,,,,,,,,,,,,,,,,,,,,,,100,,,,,100,,,,,100,,,,,100,,,,,100,100,100,100,100,100,100,100,,,,
Brunei Darussalam,BRN,"Contaminación del aire por PM2,5, población expuesta a niveles que exceden el valor indicativo de la Organización Mundial de la Salud (OMS) (% del total)",EN.ATM.PM25.MC.ZS,,,,,,,,,,,,,,,,,,,,,,,,,,,,,,,0,,,,,0,,,,,0,,,,,1.76213857,,,,,1.767244424,1.767920142,1.768517699,0,0,0,0,0,,,,
Bhután,BTN,"Contaminación del aire por PM2,5, población expuesta a niveles que exceden el valor indicativo de la Organización Mundial de la Salud (OMS) (% del total)",EN.ATM.PM25.MC.ZS,,,,,,,,,,,,,,,,,,,,,,,,,,,,,,,100,,,,,100,,,,,100,,,,,100,,,,,100,100,100,100,100,100,100,100,,,,
Botswana,BWA,"Contaminación del aire por PM2,5, población expuesta a niveles que exceden el valor indicativo de la Organización Mundial de la Salud (OMS) (% del total)",EN.ATM.PM25.MC.ZS,,,,,,,,,,,,,,,,,,,,,,,,,,,,,,,100,,,,,100,,,,,100,,,,,100,,,,,100,100,100,100,100,100,100,100,,,,
República Centroafricana,CAF,"Contaminación del aire por PM2,5, población expuesta a niveles que exceden el valor indicativo de la Organización Mundial de la Salud (OMS) (% del total)",EN.ATM.PM25.MC.ZS,,,,,,,,,,,,,,,,,,,,,,,,,,,,,,,100,,,,,100,,,,,100,,,,,100,,,,,100,100,100,100,100,100,100,100,,,,
Canadá,CAN,"Contaminación del aire por PM2,5, población expuesta a niveles que exceden el valor indicativo de la Organización Mundial de la Salud (OMS) (% del total)",EN.ATM.PM25.MC.ZS,,,,,,,,,,,,,,,,,,,,,,,,,,,,,,,16.21291608,,,,,12.91223135,,,,,11.02131749,,,,,19.60268225,,,,,13.66721763,18.72081855,8.338183945,6.630326768,2.023391521,0.725554042,0,0,,,,
Europa Central y del Báltico,CEB,"Contaminación del aire por PM2,5, población expuesta a niveles que exceden el valor indicativo de la Organización Mundial de la Salud (OMS) (% del total)",EN.ATM.PM25.MC.ZS,,,,,,,,,,,,,,,,,,,,,,,,,,,,,,,98.94583265,,,,,98.76618326,,,,,98.7547789,,,,,98.77892563,,,,,98.79088116,98.78222425,98.60853583,98.53582675,98.36080183,98.42037199,97.96652398,97.94979993,,,,
Suiza,CHE,"Contaminación del aire por PM2,5, población expuesta a niveles que exceden el valor indicativo de la Organización Mundial de la Salud (OMS) (% del total)",EN.ATM.PM25.MC.ZS,,,,,,,,,,,,,,,,,,,,,,,,,,,,,,,96.42866549,,,,,95.10024899,,,,,92.73058028,,,,,93.57506134,,,,,93.00070455,94.78523508,91.82091436,86.91049745,78.49918639,72.31110734,49.33945364,49.30013623,,,,
Islas del Canal,CHI,"Contaminación del aire por PM2,5, población expuesta a niveles que exceden el valor indicativo de la Organización Mundial de la Salud (OMS) (% del total)",EN.ATM.PM25.MC.ZS,,,,,,,,,,,,,,,,,,,,,,,,,,,,,,,,,,,,,,,,,,,,,,,,,,,,,,,,,,,,,,
Chile,CHL,"Contaminación del aire por PM2,5, población expuesta a niveles que exceden el valor indicativo de la Organización Mundial de la Salud (OMS) (% del total)",EN.ATM.PM25.MC.ZS,,,,,,,,,,,,,,,,,,,,,,,,,,,,,,,99.35020241,,,,,99.3737591,,,,,99.24496998,,,,,99.27259617,,,,,99.28649823,99.31976119,99.29948107,99.30199962,99.15045175,98.57629893,97.59441874,97.66301771,,,,
China,CHN,"Contaminación del aire por PM2,5, población expuesta a niveles que exceden el valor indicativo de la Organización Mundial de la Salud (OMS) (% del total)",EN.ATM.PM25.MC.ZS,,,,,,,,,,,,,,,,,,,,,,,,,,,,,,,100,,,,,100,,,,,99.99999612,,,,,99.99999686,,,,,99.99999743,99.99999754,99.99999299,99.99999054,99.99995845,99.99995516,99.99829865,99.99829446,,,,
Côte d'Ivoire,CIV,"Contaminación del aire por PM2,5, población expuesta a niveles que exceden el valor indicativo de la Organización Mundial de la Salud (OMS) (% del total)",EN.ATM.PM25.MC.ZS,,,,,,,,,,,,,,,,,,,,,,,,,,,,,,,100,,,,,100,,,,,100,,,,,100,,,,,100,100,100,100,100,100,100,100,,,,
Camerún,CMR,"Contaminación del aire por PM2,5, población expuesta a niveles que exceden el valor indicativo de la Organización Mundial de la Salud (OMS) (% del total)",EN.ATM.PM25.MC.ZS,,,,,,,,,,,,,,,,,,,,,,,,,,,,,,,100,,,,,100,,,,,100,,,,,100,,,,,100,100,100,100,100,100,100,100,,,,
"Congo, República Democrática del",COD,"Contaminación del aire por PM2,5, población expuesta a niveles que exceden el valor indicativo de la Organización Mundial de la Salud (OMS) (% del total)",EN.ATM.PM25.MC.ZS,,,,,,,,,,,,,,,,,,,,,,,,,,,,,,,100,,,,,100,,,,,100,,,,,100,,,,,100,100,100,100,100,100,100,100,,,,
"Congo, República del",COG,"Contaminación del aire por PM2,5, población expuesta a niveles que exceden el valor indicativo de la Organización Mundial de la Salud (OMS) (% del total)",EN.ATM.PM25.MC.ZS,,,,,,,,,,,,,,,,,,,,,,,,,,,,,,,100,,,,,100,,,,,100,,,,,100,,,,,100,100,100,100,100,100,100,100,,,,
Colombia,COL,"Contaminación del aire por PM2,5, población expuesta a niveles que exceden el valor indicativo de la Organización Mundial de la Salud (OMS) (% del total)",EN.ATM.PM25.MC.ZS,,,,,,,,,,,,,,,,,,,,,,,,,,,,,,,99.69689066,,,,,99.75641164,,,,,99.71683355,,,,,99.8770855,,,,,99.87603724,99.8381953,99.85618013,99.35286059,97.48104423,96.338151,92.74339524,92.10462898,,,,
Comoras,COM,"Contaminación del aire por PM2,5, población expuesta a niveles que exceden el valor indicativo de la Organización Mundial de la Salud (OMS) (% del total)",EN.ATM.PM25.MC.ZS,,,,,,,,,,,,,,,,,,,,,,,,,,,,,,,100,,,,,100,,,,,100,,,,,100,,,,,100,100,100,100,100,100,100,100,,,,
Cabo Verde,CPV,"Contaminación del aire por PM2,5, población expuesta a niveles que exceden el valor indicativo de la Organización Mundial de la Salud (OMS) (% del total)",EN.ATM.PM25.MC.ZS,,,,,,,,,,,,,,,,,,,,,,,,,,,,,,,100,,,,,100,,,,,100,,,,,100,,,,,100,100,100,100,100,100,100,100,,,,
Costa Rica,CRI,"Contaminación del aire por PM2,5, población expuesta a niveles que exceden el valor indicativo de la Organización Mundial de la Salud (OMS) (% del total)",EN.ATM.PM25.MC.ZS,,,,,,,,,,,,,,,,,,,,,,,,,,,,,,,100,,,,,100,,,,,100,,,,,100,,,,,100,100,100,100,100,99.97998602,99.71706666,99.68879337,,,,
Estados pequeos del Caribe,CSS,"Contaminación del aire por PM2,5, población expuesta a niveles que exceden el valor indicativo de la Organización Mundial de la Salud (OMS) (% del total)",EN.ATM.PM25.MC.ZS,,,,,,,,,,,,,,,,,,,,,,,,,,,,,,,100,,,,,100,,,,,100,,,,,100,,,,,100,100,100,100,100,99.99997952,99.99888157,99.99873809,,,,
Cuba,CUB,"Contaminación del aire por PM2,5, población expuesta a niveles que exceden el valor indicativo de la Organización Mundial de la Salud (OMS) (% del total)",EN.ATM.PM25.MC.ZS,,,,,,,,,,,,,,,,,,,,,,,,,,,,,,,100,,,,,100,,,,,100,,,,,100,,,,,100,100,100,100,100,100,100,100,,,,
Curacao,CUW,"Contaminación del aire por PM2,5, población expuesta a niveles que exceden el valor indicativo de la Organización Mundial de la Salud (OMS) (% del total)",EN.ATM.PM25.MC.ZS,,,,,,,,,,,,,,,,,,,,,,,,,,,,,,,,,,,,,,,,,,,,,,,,,,,,,,,,,,,,,,
Islas Caimán,CYM,"Contaminación del aire por PM2,5, población expuesta a niveles que exceden el valor indicativo de la Organización Mundial de la Salud (OMS) (% del total)",EN.ATM.PM25.MC.ZS,,,,,,,,,,,,,,,,,,,,,,,,,,,,,,,,,,,,,,,,,,,,,,,,,,,,,,,,,,,,,,
Chipre,CYP,"Contaminación del aire por PM2,5, población expuesta a niveles que exceden el valor indicativo de la Organización Mundial de la Salud (OMS) (% del total)",EN.ATM.PM25.MC.ZS,,,,,,,,,,,,,,,,,,,,,,,,,,,,,,,100,,,,,100,,,,,100,,,,,100,,,,,100,100,100,100,100,100,100,100,,,,
República Checa,CZE,"Contaminación del aire por PM2,5, población expuesta a niveles que exceden el valor indicativo de la Organización Mundial de la Salud (OMS) (% del total)",EN.ATM.PM25.MC.ZS,,,,,,,,,,,,,,,,,,,,,,,,,,,,,,,99.9816846,,,,,99.98157212,,,,,99.96735159,,,,,99.96775735,,,,,99.96840965,99.96851952,99.94347175,99.92720102,99.91786085,99.82828388,99.67485548,99.67721262,,,,
Alemania,DEU,"Contaminación del aire por PM2,5, población expuesta a niveles que exceden el valor indicativo de la Organización Mundial de la Salud (OMS) (% del total)",EN.ATM.PM25.MC.ZS,,,,,,,,,,,,,,,,,,,,,,,,,,,,,,,99.75579068,,,,,99.64660636,,,,,99.40718619,,,,,99.18486098,,,,,99.59944007,99.44802945,98.29506796,97.84632154,95.72529588,95.95259594,89.15466272,89.17435643,,,,
Djibouti,DJI,"Contaminación del aire por PM2,5, población expuesta a niveles que exceden el valor indicativo de la Organización Mundial de la Salud (OMS) (% del total)",EN.ATM.PM25.MC.ZS,,,,,,,,,,,,,,,,,,,,,,,,,,,,,,,100,,,,,100,,,,,100,,,,,100,,,,,100,100,100,100,100,100,100,100,,,,
Dominica,DMA,"Contaminación del aire por PM2,5, población expuesta a niveles que exceden el valor indicativo de la Organización Mundial de la Salud (OMS) (% del total)",EN.ATM.PM25.MC.ZS,,,,,,,,,,,,,,,,,,,,,,,,,,,,,,,100,,,,,100,,,,,100,,,,,100,,,,,100,100,100,100,100,100,100,100,,,,
Dinamarca,DNK,"Contaminación del aire por PM2,5, población expuesta a niveles que exceden el valor indicativo de la Organización Mundial de la Salud (OMS) (% del total)",EN.ATM.PM25.MC.ZS,,,,,,,,,,,,,,,,,,,,,,,,,,,,,,,99.96173726,,,,,99.54927924,,,,,97.96609489,,,,,97.13967547,,,,,96.09901417,98.95868163,85.47423363,78.75029356,82.83430732,75.18744118,57.09176238,56.91445611,,,,
República Dominicana,DOM,"Contaminación del aire por PM2,5, población expuesta a niveles que exceden el valor indicativo de la Organización Mundial de la Salud (OMS) (% del total)",EN.ATM.PM25.MC.ZS,,,,,,,,,,,,,,,,,,,,,,,,,,,,,,,100,,,,,100,,,,,100,,,,,100,,,,,100,100,100,100,99.97857173,99.97859822,99.91388391,99.91344262,,,,
Argelia,DZA,"Contaminación del aire por PM2,5, población expuesta a niveles que exceden el valor indicativo de la Organización Mundial de la Salud (OMS) (% del total)",EN.ATM.PM25.MC.ZS,,,,,,,,,,,,,,,,,,,,,,,,,,,,,,,100,,,,,100,,,,,100,,,,,100,,,,,100,100,100,100,100,100,100,100,,,,
Asia oriental y el Pacífico (excluido altos ingresos),EAP,"Contaminación del aire por PM2,5, población expuesta a niveles que exceden el valor indicativo de la Organización Mundial de la Salud (OMS) (% del total)",EN.ATM.PM25.MC.ZS,,,,,,,,,,,,,,,,,,,,,,,,,,,,,,,99.67387611,,,,,99.66932682,,,,,99.60176907,,,,,99.84895078,,,,,99.51433288,99.72143248,99.90999577,99.1718098,99.13815311,99.38569523,99.1426633,99.09715236,,,,
inicial del dividendo demográfico,EAR,"Contaminación del aire por PM2,5, población expuesta a niveles que exceden el valor indicativo de la Organización Mundial de la Salud (OMS) (% del total)",EN.ATM.PM25.MC.ZS,,,,,,,,,,,,,,,,,,,,,,,,,,,,,,,99.77823238,,,,,99.78268323,,,,,99.73990091,,,,,99.90108002,,,,,99.68739122,99.82679307,99.94164063,99.48539228,99.45123634,99.58934895,99.38425969,99.35308882,,,,
Asia oriental y el Pacífico,EAS,"Contaminación del aire por PM2,5, población expuesta a niveles que exceden el valor indicativo de la Organización Mundial de la Salud (OMS) (% del total)",EN.ATM.PM25.MC.ZS,,,,,,,,,,,,,,,,,,,,,,,,,,,,,,,98.38199204,,,,,98.39351548,,,,,98.3259836,,,,,98.55880825,,,,,98.26664982,98.48284115,98.38546193,97.72834855,97.56988315,97.82578833,96.85565639,96.88831953,,,,
Europa y Asia central (excluido altos ingresos),ECA,"Contaminación del aire por PM2,5, población expuesta a niveles que exceden el valor indicativo de la Organización Mundial de la Salud (OMS) (% del total)",EN.ATM.PM25.MC.ZS,,,,,,,,,,,,,,,,,,,,,,,,,,,,,,,98.46867001,,,,,97.98580732,,,,,98.21461379,,,,,98.23823773,,,,,98.46889438,98.31272069,98.07101113,97.35064574,97.10418881,96.62191552,96.3121239,96.29726513,,,,
Europa y Asia central,ECS,"Contaminación del aire por PM2,5, población expuesta a niveles que exceden el valor indicativo de la Organización Mundial de la Salud (OMS) (% del total)",EN.ATM.PM25.MC.ZS,,,,,,,,,,,,,,,,,,,,,,,,,,,,,,,94.81195905,,,,,94.22175569,,,,,93.97627176,,,,,93.85003144,,,,,93.59659251,94.353298,92.26964604,91.07389117,88.30280692,88.60801453,85.06806912,85.05510595,,,,
Ecuador,ECU,"Contaminación del aire por PM2,5, población expuesta a niveles que exceden el valor indicativo de la Organización Mundial de la Salud (OMS) (% del total)",EN.ATM.PM25.MC.ZS,,,,,,,,,,,,,,,,,,,,,,,,,,,,,,,99.98107065,,,,,99.98928585,,,,,99.98581012,,,,,99.99901924,,,,,99.99971749,99.99709267,99.9987849,99.97453985,99.63520089,99.38916952,98.65234837,98.31562394,,,,
"Egipto, República Árabe de",EGY,"Contaminación del aire por PM2,5, población expuesta a niveles que exceden el valor indicativo de la Organización Mundial de la Salud (OMS) (% del total)",EN.ATM.PM25.MC.ZS,,,,,,,,,,,,,,,,,,,,,,,,,,,,,,,100,,,,,100,,,,,100,,,,,100,,,,,100,100,100,100,100,100,100,100,,,,
Zona del Euro,EMU,"Contaminación del aire por PM2,5, población expuesta a niveles que exceden el valor indicativo de la Organización Mundial de la Salud (OMS) (% del total)",EN.ATM.PM25.MC.ZS,,,,,,,,,,,,,,,,,,,,,,,,,,,,,,,93.0091796,,,,,92.47222462,,,,,92.03672348,,,,,91.98509366,,,,,91.43220803,92.65376376,89.29121231,87.6573948,82.77033971,84.39553269,77.25703159,77.36945454,,,,
Eritrea,ERI,"Contaminación del aire por PM2,5, población expuesta a niveles que exceden el valor indicativo de la Organización Mundial de la Salud (OMS) (% del total)",EN.ATM.PM25.MC.ZS,,,,,,,,,,,,,,,,,,,,,,,,,,,,,,,100,,,,,100,,,,,100,,,,,100,,,,,100,100,100,100,100,100,100,100,,,,
España,ESP,"Contaminación del aire por PM2,5, población expuesta a niveles que exceden el valor indicativo de la Organización Mundial de la Salud (OMS) (% del total)",EN.ATM.PM25.MC.ZS,,,,,,,,,,,,,,,,,,,,,,,,,,,,,,,77.57638671,,,,,76.35216271,,,,,75.03080043,,,,,74.1582474,,,,,72.15110766,78.727385,68.4927049,60.6831518,47.71914768,55.15272487,40.724385,41.11554943,,,,
Estonia,EST,"Contaminación del aire por PM2,5, población expuesta a niveles que exceden el valor indicativo de la Organización Mundial de la Salud (OMS) (% del total)",EN.ATM.PM25.MC.ZS,,,,,,,,,,,,,,,,,,,,,,,,,,,,,,,26.15621105,,,,,6.887299394,,,,,5.025807538,,,,,5.821428321,,,,,6.476011614,6.169849362,1.178708266,0.263896,0.258944001,0,0,0,,,,
Etiopía,ETH,"Contaminación del aire por PM2,5, población expuesta a niveles que exceden el valor indicativo de la Organización Mundial de la Salud (OMS) (% del total)",EN.ATM.PM25.MC.ZS,,,,,,,,,,,,,,,,,,,,,,,,,,,,,,,100,,,,,100,,,,,100,,,,,100,,,,,100,100,100,100,100,100,100,100,,,,
Unión Europea,EUU,"Contaminación del aire por PM2,5, población expuesta a niveles que exceden el valor indicativo de la Organización Mundial de la Salud (OMS) (% del total)",EN.ATM.PM25.MC.ZS,,,,,,,,,,,,,,,,,,,,,,,,,,,,,,,92.93490079,,,,,92.43108498,,,,,92.04998867,,,,,91.91210048,,,,,91.39462329,92.37707795,89.56028872,88.19764695,84.4590044,85.60740369,79.81177656,79.86332174,,,,
Frágiles y situaciones de conflicto afectados,FCS,"Contaminación del aire por PM2,5, población expuesta a niveles que exceden el valor indicativo de la Organización Mundial de la Salud (OMS) (% del total)",EN.ATM.PM25.MC.ZS,,,,,,,,,,,,,,,,,,,,,,,,,,,,,,,100,,,,,100,,,,,100,,,,,100,,,,,100,100,100,99.99999674,99.99991648,99.99982153,99.9976001,99.99764319,,,,
Finlandia,FIN,"Contaminación del aire por PM2,5, población expuesta a niveles que exceden el valor indicativo de la Organización Mundial de la Salud (OMS) (% del total)",EN.ATM.PM25.MC.ZS,,,,,,,,,,,,,,,,,,,,,,,,,,,,,,,1.627373859,,,,,0.673758399,,,,,0,,,,,0.724678786,,,,,0.73514962,0.737042448,0,0,0,0,0,0,,,,
Fiji,FJI,"Contaminación del aire por PM2,5, población expuesta a niveles que exceden el valor indicativo de la Organización Mundial de la Salud (OMS) (% del total)",EN.ATM.PM25.MC.ZS,,,,,,,,,,,,,,,,,,,,,,,,,,,,,,,100,,,,,100,,,,,100,,,,,100,,,,,100,100,100,100,99.99426434,99.97864842,93.69405468,82.80318235,,,,
Francia,FRA,"Contaminación del aire por PM2,5, población expuesta a niveles que exceden el valor indicativo de la Organización Mundial de la Salud (OMS) (% del total)",EN.ATM.PM25.MC.ZS,,,,,,,,,,,,,,,,,,,,,,,,,,,,,,,99.7744511,,,,,99.62535381,,,,,99.37341424,,,,,99.60444501,,,,,99.47900777,99.69818014,98.61152778,97.4091023,87.84524972,90.41211847,78.27749787,78.21356392,,,,
Islas Feroe,FRO,"Contaminación del aire por PM2,5, población expuesta a niveles que exceden el valor indicativo de la Organización Mundial de la Salud (OMS) (% del total)",EN.ATM.PM25.MC.ZS,,,,,,,,,,,,,,,,,,,,,,,,,,,,,,,,,,,,,,,,,,,,,,,,,,,,,,,,,,,,,,
Micronesia (Estados Federados de),FSM,"Contaminación del aire por PM2,5, población expuesta a niveles que exceden el valor indicativo de la Organización Mundial de la Salud (OMS) (% del total)",EN.ATM.PM25.MC.ZS,,,,,,,,,,,,,,,,,,,,,,,,,,,,,,,100,,,,,100,,,,,100,,,,,100,,,,,100,100,100,100,100,100,99.99999998,99.99999998,,,,
Gabón,GAB,"Contaminación del aire por PM2,5, población expuesta a niveles que exceden el valor indicativo de la Organización Mundial de la Salud (OMS) (% del total)",EN.ATM.PM25.MC.ZS,,,,,,,,,,,,,,,,,,,,,,,,,,,,,,,100,,,,,100,,,,,100,,,,,100,,,,,100,100,100,100,100,100,100,100,,,,
Reino Unido,GBR,"Contaminación del aire por PM2,5, población expuesta a niveles que exceden el valor indicativo de la Organización Mundial de la Salud (OMS) (% del total)",EN.ATM.PM25.MC.ZS,,,,,,,,,,,,,,,,,,,,,,,,,,,,,,,91.13908475,,,,,89.58045889,,,,,88.24742638,,,,,88.65418636,,,,,87.50243472,90.3821513,84.78734267,82.41659414,72.0666772,71.9634942,67.10067313,66.53324903,,,,
Georgia,GEO,"Contaminación del aire por PM2,5, población expuesta a niveles que exceden el valor indicativo de la Organización Mundial de la Salud (OMS) (% del total)",EN.ATM.PM25.MC.ZS,,,,,,,,,,,,,,,,,,,,,,,,,,,,,,,100,,,,,100,,,,,100,,,,,100,,,,,100,100,100,100,100,100,100,100,,,,
Ghana,GHA,"Contaminación del aire por PM2,5, población expuesta a niveles que exceden el valor indicativo de la Organización Mundial de la Salud (OMS) (% del total)",EN.ATM.PM25.MC.ZS,,,,,,,,,,,,,,,,,,,,,,,,,,,,,,,100,,,,,100,,,,,100,,,,,100,,,,,100,100,100,100,100,100,100,100,,,,
Gibraltar,GIB,"Contaminación del aire por PM2,5, población expuesta a niveles que exceden el valor indicativo de la Organización Mundial de la Salud (OMS) (% del total)",EN.ATM.PM25.MC.ZS,,,,,,,,,,,,,,,,,,,,,,,,,,,,,,,,,,,,,,,,,,,,,,,,,,,,,,,,,,,,,,
Guinea,GIN,"Contaminación del aire por PM2,5, población expuesta a niveles que exceden el valor indicativo de la Organización Mundial de la Salud (OMS) (% del total)",EN.ATM.PM25.MC.ZS,,,,,,,,,,,,,,,,,,,,,,,,,,,,,,,100,,,,,100,,,,,100,,,,,100,,,,,100,100,100,100,100,100,100,100,,,,
Gambia,GMB,"Contaminación del aire por PM2,5, población expuesta a niveles que exceden el valor indicativo de la Organización Mundial de la Salud (OMS) (% del total)",EN.ATM.PM25.MC.ZS,,,,,,,,,,,,,,,,,,,,,,,,,,,,,,,100,,,,,100,,,,,100,,,,,100,,,,,100,100,100,100,100,100,100,100,,,,
Guinea-Bissau,GNB,"Contaminación del aire por PM2,5, población expuesta a niveles que exceden el valor indicativo de la Organización Mundial de la Salud (OMS) (% del total)",EN.ATM.PM25.MC.ZS,,,,,,,,,,,,,,,,,,,,,,,,,,,,,,,100,,,,,100,,,,,100,,,,,100,,,,,100,100,100,100,100,100,100,100,,,,
Guinea Ecuatorial,GNQ,"Contaminación del aire por PM2,5, población expuesta a niveles que exceden el valor indicativo de la Organización Mundial de la Salud (OMS) (% del total)",EN.ATM.PM25.MC.ZS,,,,,,,,,,,,,,,,,,,,,,,,,,,,,,,100,,,,,100,,,,,100,,,,,100,,,,,100,100,100,100,100,100,100,100,,,,
Grecia,GRC,"Contaminación del aire por PM2,5, población expuesta a niveles que exceden el valor indicativo de la Organización Mundial de la Salud (OMS) (% del total)",EN.ATM.PM25.MC.ZS,,,,,,,,,,,,,,,,,,,,,,,,,,,,,,,100,,,,,100,,,,,100,,,,,100,,,,,100,100,100,100,100,100,100,100,,,,
Granada,GRD,"Contaminación del aire por PM2,5, población expuesta a niveles que exceden el valor indicativo de la Organización Mundial de la Salud (OMS) (% del total)",EN.ATM.PM25.MC.ZS,,,,,,,,,,,,,,,,,,,,,,,,,,,,,,,100,,,,,100,,,,,100,,,,,100,,,,,100,100,100,100,100,100,100,100,,,,
Groenlandia,GRL,"Contaminación del aire por PM2,5, población expuesta a niveles que exceden el valor indicativo de la Organización Mundial de la Salud (OMS) (% del total)",EN.ATM.PM25.MC.ZS,,,,,,,,,,,,,,,,,,,,,,,,,,,,,,,100,,,,,100,,,,,100,,,,,100,,,,,100,100,100,100,98.76045629,98.75354563,80.10090371,80.01601067,,,,
Guatemala,GTM,"Contaminación del aire por PM2,5, población expuesta a niveles que exceden el valor indicativo de la Organización Mundial de la Salud (OMS) (% del total)",EN.ATM.PM25.MC.ZS,,,,,,,,,,,,,,,,,,,,,,,,,,,,,,,100,,,,,100,,,,,100,,,,,100,,,,,100,100,100,100,100,100,100,100,,,,
Guam,GUM,"Contaminación del aire por PM2,5, población expuesta a niveles que exceden el valor indicativo de la Organización Mundial de la Salud (OMS) (% del total)",EN.ATM.PM25.MC.ZS,,,,,,,,,,,,,,,,,,,,,,,,,,,,,,,100,,,,,100,,,,,100,,,,,100,,,,,100,100,100,100,91.66666667,100,83.33333333,83.33333333,,,,
Guyana,GUY,"Contaminación del aire por PM2,5, población expuesta a niveles que exceden el valor indicativo de la Organización Mundial de la Salud (OMS) (% del total)",EN.ATM.PM25.MC.ZS,,,,,,,,,,,,,,,,,,,,,,,,,,,,,,,100,,,,,100,,,,,100,,,,,100,,,,,100,100,100,100,100,99.99980863,99.98953471,99.98817732,,,,
Ingreso alto,HIC,"Contaminación del aire por PM2,5, población expuesta a niveles que exceden el valor indicativo de la Organización Mundial de la Salud (OMS) (% del total)",EN.ATM.PM25.MC.ZS,,,,,,,,,,,,,,,,,,,,,,,,,,,,,,,78.49308508,,,,,76.900527,,,,,76.00973752,,,,,76.24006932,,,,,74.15438409,77.23495722,69.93376285,67.04366372,62.05284731,61.52950679,55.99226192,56.08386306,,,,
"Hong Kong, Región Administrativa Especial",HKG,"Contaminación del aire por PM2,5, población expuesta a niveles que exceden el valor indicativo de la Organización Mundial de la Salud (OMS) (% del total)",EN.ATM.PM25.MC.ZS,,,,,,,,,,,,,,,,,,,,,,,,,,,,,,,,,,,,,,,,,,,,,,,,,,,,,,,,,,,,,,
Honduras,HND,"Contaminación del aire por PM2,5, población expuesta a niveles que exceden el valor indicativo de la Organización Mundial de la Salud (OMS) (% del total)",EN.ATM.PM25.MC.ZS,,,,,,,,,,,,,,,,,,,,,,,,,,,,,,,100,,,,,100,,,,,100,,,,,100,,,,,100,100,100,100,100,99.99887667,99.98207531,99.98352171,,,,
Países pobres muy endeudados (PPME),HPC,"Contaminación del aire por PM2,5, población expuesta a niveles que exceden el valor indicativo de la Organización Mundial de la Salud (OMS) (% del total)",EN.ATM.PM25.MC.ZS,,,,,,,,,,,,,,,,,,,,,,,,,,,,,,,99.99996699,,,,,99.99996662,,,,,99.99929042,,,,,99.99936067,,,,,99.99942247,99.99943475,99.99944701,99.99945923,99.99937622,99.9993707,99.99890027,99.99895202,,,,
Croacia,HRV,"Contaminación del aire por PM2,5, población expuesta a niveles que exceden el valor indicativo de la Organización Mundial de la Salud (OMS) (% del total)",EN.ATM.PM25.MC.ZS,,,,,,,,,,,,,,,,,,,,,,,,,,,,,,,100,,,,,100,,,,,100,,,,,100,,,,,100,100,100,100,100,100,99.78069913,99.77960527,,,,
Haití,HTI,"Contaminación del aire por PM2,5, población expuesta a niveles que exceden el valor indicativo de la Organización Mundial de la Salud (OMS) (% del total)",EN.ATM.PM25.MC.ZS,,,,,,,,,,,,,,,,,,,,,,,,,,,,,,,100,,,,,100,,,,,100,,,,,100,,,,,100,100,100,100,100,100,100,100,,,,
Hungría,HUN,"Contaminación del aire por PM2,5, población expuesta a niveles que exceden el valor indicativo de la Organización Mundial de la Salud (OMS) (% del total)",EN.ATM.PM25.MC.ZS,,,,,,,,,,,,,,,,,,,,,,,,,,,,,,,100,,,,,100,,,,,100,,,,,100,,,,,100,100,100,100,100,100,100,100,,,,
Sólo BIRF,IBD,"Contaminación del aire por PM2,5, población expuesta a niveles que exceden el valor indicativo de la Organización Mundial de la Salud (OMS) (% del total)",EN.ATM.PM25.MC.ZS,,,,,,,,,,,,,,,,,,,,,,,,,,,,,,,99.19123385,,,,,99.17043097,,,,,99.22856993,,,,,99.29499568,,,,,99.2287347,99.35996303,99.16972545,98.70496549,98.2555454,98.2102708,97.53300041,97.40832993,,,,
BIRF y la AIF,IBT,"Contaminación del aire por PM2,5, población expuesta a niveles que exceden el valor indicativo de la Organización Mundial de la Salud (OMS) (% del total)",EN.ATM.PM25.MC.ZS,,,,,,,,,,,,,,,,,,,,,,,,,,,,,,,99.34746917,,,,,99.33829443,,,,,99.39236451,,,,,99.45251111,,,,,99.41029107,99.51209291,99.36874106,99.01826506,98.67280771,98.64353673,98.13648786,98.04752447,,,,
total de la AIF,IDA,"Contaminación del aire por PM2,5, población expuesta a niveles que exceden el valor indicativo de la Organización Mundial de la Salud (OMS) (% del total)",EN.ATM.PM25.MC.ZS,,,,,,,,,,,,,,,,,,,,,,,,,,,,,,,99.99998595,,,,,99.99915108,,,,,99.99904545,,,,,99.99911952,,,,,99.99973561,99.99973991,99.99911893,99.99889188,99.96299851,99.96639163,99.95534776,99.94889222,,,,
mezcla de la AIF,IDB,"Contaminación del aire por PM2,5, población expuesta a niveles que exceden el valor indicativo de la Organización Mundial de la Salud (OMS) (% del total)",EN.ATM.PM25.MC.ZS,,,,,,,,,,,,,,,,,,,,,,,,,,,,,,,100,,,,,100,,,,,100,,,,,100,,,,,100,100,100,100,99.99999008,99.99996384,99.98944605,99.97181765,,,,
Indonesia,IDN,"Contaminación del aire por PM2,5, población expuesta a niveles que exceden el valor indicativo de la Organización Mundial de la Salud (OMS) (% del total)",EN.ATM.PM25.MC.ZS,,,,,,,,,,,,,,,,,,,,,,,,,,,,,,,97.65695787,,,,,97.66009417,,,,,97.10847229,,,,,99.00021131,,,,,96.42305878,98.06412739,99.51360267,94.21097786,94.49722032,96.1423725,95.69352975,95.56714726,,,,
Sólo AIF,IDX,"Contaminación del aire por PM2,5, población expuesta a niveles que exceden el valor indicativo de la Organización Mundial de la Salud (OMS) (% del total)",EN.ATM.PM25.MC.ZS,,,,,,,,,,,,,,,,,,,,,,,,,,,,,,,99.99997887,,,,,99.99872483,,,,,99.99856548,,,,,99.99867896,,,,,99.99960275,99.99960892,99.99867451,99.99833205,99.94428293,99.9493865,99.93806239,99.93726552,,,,
Isla de Man,IMN,"Contaminación del aire por PM2,5, población expuesta a niveles que exceden el valor indicativo de la Organización Mundial de la Salud (OMS) (% del total)",EN.ATM.PM25.MC.ZS,,,,,,,,,,,,,,,,,,,,,,,,,,,,,,,,,,,,,,,,,,,,,,,,,,,,,,,,,,,,,,
India,IND,"Contaminación del aire por PM2,5, población expuesta a niveles que exceden el valor indicativo de la Organización Mundial de la Salud (OMS) (% del total)",EN.ATM.PM25.MC.ZS,,,,,,,,,,,,,,,,,,,,,,,,,,,,,,,100,,,,,100,,,,,100,,,,,100,,,,,100,100,100,100,100,100,100,100,,,,
No clasificado,INX,"Contaminación del aire por PM2,5, población expuesta a niveles que exceden el valor indicativo de la Organización Mundial de la Salud (OMS) (% del total)",EN.ATM.PM25.MC.ZS,,,,,,,,,,,,,,,,,,,,,,,,,,,,,,,,,,,,,,,,,,,,,,,,,,,,,,,,,,,,,,
Irlanda,IRL,"Contaminación del aire por PM2,5, población expuesta a niveles que exceden el valor indicativo de la Organización Mundial de la Salud (OMS) (% del total)",EN.ATM.PM25.MC.ZS,,,,,,,,,,,,,,,,,,,,,,,,,,,,,,,60.3008592,,,,,54.96168023,,,,,50.33809979,,,,,46.53983811,,,,,49.33923499,56.87936973,29.96477012,27.36131406,3.611993262,2.718190834,0.273735769,0.274091679,,,,
"Irán, República Islámica del",IRN,"Contaminación del aire por PM2,5, población expuesta a niveles que exceden el valor indicativo de la Organización Mundial de la Salud (OMS) (% del total)",EN.ATM.PM25.MC.ZS,,,,,,,,,,,,,,,,,,,,,,,,,,,,,,,100,,,,,100,,,,,100,,,,,100,,,,,100,100,100,100,100,100,100,100,,,,
Iraq,IRQ,"Contaminación del aire por PM2,5, población expuesta a niveles que exceden el valor indicativo de la Organización Mundial de la Salud (OMS) (% del total)",EN.ATM.PM25.MC.ZS,,,,,,,,,,,,,,,,,,,,,,,,,,,,,,,100,,,,,100,,,,,100,,,,,100,,,,,100,100,100,100,100,100,100,100,,,,
Islandia,ISL,"Contaminación del aire por PM2,5, población expuesta a niveles que exceden el valor indicativo de la Organización Mundial de la Salud (OMS) (% del total)",EN.ATM.PM25.MC.ZS,,,,,,,,,,,,,,,,,,,,,,,,,,,,,,,22.82265445,,,,,21.21259897,,,,,18.15976237,,,,,14.71667416,,,,,16.81281434,16.96763852,13.19362565,12.84403823,12.1246396,11.98495478,11.10046178,10.28521579,,,,
Israel,ISR,"Contaminación del aire por PM2,5, población expuesta a niveles que exceden el valor indicativo de la Organización Mundial de la Salud (OMS) (% del total)",EN.ATM.PM25.MC.ZS,,,,,,,,,,,,,,,,,,,,,,,,,,,,,,,100,,,,,100,,,,,100,,,,,100,,,,,100,100,100,100,100,100,100,100,,,,
Italia,ITA,"Contaminación del aire por PM2,5, población expuesta a niveles que exceden el valor indicativo de la Organización Mundial de la Salud (OMS) (% del total)",EN.ATM.PM25.MC.ZS,,,,,,,,,,,,,,,,,,,,,,,,,,,,,,,98.8103869,,,,,98.77068354,,,,,98.53143399,,,,,98.41560076,,,,,98.11216648,98.57762205,97.84864873,97.26338617,96.58307004,96.75457394,94.54848442,94.777214,,,,
Jamaica,JAM,"Contaminación del aire por PM2,5, población expuesta a niveles que exceden el valor indicativo de la Organización Mundial de la Salud (OMS) (% del total)",EN.ATM.PM25.MC.ZS,,,,,,,,,,,,,,,,,,,,,,,,,,,,,,,100,,,,,100,,,,,100,,,,,100,,,,,100,100,100,100,100,100,100,100,,,,
Jordania,JOR,"Contaminación del aire por PM2,5, población expuesta a niveles que exceden el valor indicativo de la Organización Mundial de la Salud (OMS) (% del total)",EN.ATM.PM25.MC.ZS,,,,,,,,,,,,,,,,,,,,,,,,,,,,,,,100,,,,,100,,,,,100,,,,,100,,,,,100,100,100,100,100,100,100,100,,,,
Japón,JPN,"Contaminación del aire por PM2,5, población expuesta a niveles que exceden el valor indicativo de la Organización Mundial de la Salud (OMS) (% del total)",EN.ATM.PM25.MC.ZS,,,,,,,,,,,,,,,,,,,,,,,,,,,,,,,92.52874907,,,,,92.506271,,,,,91.74729438,,,,,92.09008334,,,,,92.58883122,92.56048747,89.13152401,89.80213203,87.81962942,88.66865042,75.41211147,76.76150823,,,,
Kazajstán,KAZ,"Contaminación del aire por PM2,5, población expuesta a niveles que exceden el valor indicativo de la Organización Mundial de la Salud (OMS) (% del total)",EN.ATM.PM25.MC.ZS,,,,,,,,,,,,,,,,,,,,,,,,,,,,,,,97.97481027,,,,,97.47356781,,,,,96.82196491,,,,,96.80261789,,,,,97.2109484,97.53209832,96.22187137,95.65702147,91.60699878,92.6415526,87.15238088,87.41423053,,,,
Kenya,KEN,"Contaminación del aire por PM2,5, población expuesta a niveles que exceden el valor indicativo de la Organización Mundial de la Salud (OMS) (% del total)",EN.ATM.PM25.MC.ZS,,,,,,,,,,,,,,,,,,,,,,,,,,,,,,,100,,,,,100,,,,,100,,,,,100,,,,,100,100,100,100,100,100,100,100,,,,
Kirguistán,KGZ,"Contaminación del aire por PM2,5, población expuesta a niveles que exceden el valor indicativo de la Organización Mundial de la Salud (OMS) (% del total)",EN.ATM.PM25.MC.ZS,,,,,,,,,,,,,,,,,,,,,,,,,,,,,,,100,,,,,99.82613248,,,,,99.85855865,,,,,99.86039273,,,,,100,100,99.84093894,99.78157274,98.07187745,99.10894838,97.40665321,97.43255692,,,,
Camboya,KHM,"Contaminación del aire por PM2,5, población expuesta a niveles que exceden el valor indicativo de la Organización Mundial de la Salud (OMS) (% del total)",EN.ATM.PM25.MC.ZS,,,,,,,,,,,,,,,,,,,,,,,,,,,,,,,100,,,,,100,,,,,100,,,,,100,,,,,100,100,100,100,100,100,100,100,,,,
Kiribati,KIR,"Contaminación del aire por PM2,5, población expuesta a niveles que exceden el valor indicativo de la Organización Mundial de la Salud (OMS) (% del total)",EN.ATM.PM25.MC.ZS,,,,,,,,,,,,,,,,,,,,,,,,,,,,,,,100,,,,,100,,,,,100,,,,,100,,,,,100,100,100,99.99999992,99.99999958,99.99999957,99.9999995,99.9999995,,,,
Saint Kitts y Nevis,KNA,"Contaminación del aire por PM2,5, población expuesta a niveles que exceden el valor indicativo de la Organización Mundial de la Salud (OMS) (% del total)",EN.ATM.PM25.MC.ZS,,,,,,,,,,,,,,,,,,,,,,,,,,,,,,,,,,,,,,,,,,,,,,,,,,,,,,,,,,,,,,
"Corea, República de",KOR,"Contaminación del aire por PM2,5, población expuesta a niveles que exceden el valor indicativo de la Organización Mundial de la Salud (OMS) (% del total)",EN.ATM.PM25.MC.ZS,,,,,,,,,,,,,,,,,,,,,,,,,,,,,,,100,,,,,100,,,,,100,,,,,100,,,,,100,100,100,100,100,100,100,100,,,,
Kuwait,KWT,"Contaminación del aire por PM2,5, población expuesta a niveles que exceden el valor indicativo de la Organización Mundial de la Salud (OMS) (% del total)",EN.ATM.PM25.MC.ZS,,,,,,,,,,,,,,,,,,,,,,,,,,,,,,,100,,,,,100,,,,,100,,,,,100,,,,,100,100,100,100,100,100,100,100,,,,
América Latina y el Caribe (excluido altos ingresos),LAC,"Contaminación del aire por PM2,5, población expuesta a niveles que exceden el valor indicativo de la Organización Mundial de la Salud (OMS) (% del total)",EN.ATM.PM25.MC.ZS,,,,,,,,,,,,,,,,,,,,,,,,,,,,,,,95.80939215,,,,,96.01156494,,,,,96.49323969,,,,,96.13418433,,,,,96.59287865,96.96901391,95.07751124,94.47745137,91.22787814,90.31110493,87.14205896,87.15355508,,,,
República Democrática Popular Lao,LAO,"Contaminación del aire por PM2,5, población expuesta a niveles que exceden el valor indicativo de la Organización Mundial de la Salud (OMS) (% del total)",EN.ATM.PM25.MC.ZS,,,,,,,,,,,,,,,,,,,,,,,,,,,,,,,100,,,,,100,,,,,100,,,,,100,,,,,100,100,100,100,100,100,100,100,,,,
Líbano,LBN,"Contaminación del aire por PM2,5, población expuesta a niveles que exceden el valor indicativo de la Organización Mundial de la Salud (OMS) (% del total)",EN.ATM.PM25.MC.ZS,,,,,,,,,,,,,,,,,,,,,,,,,,,,,,,100,,,,,100,,,,,100,,,,,100,,,,,100,100,100,100,100,100,100,100,,,,
Liberia,LBR,"Contaminación del aire por PM2,5, población expuesta a niveles que exceden el valor indicativo de la Organización Mundial de la Salud (OMS) (% del total)",EN.ATM.PM25.MC.ZS,,,,,,,,,,,,,,,,,,,,,,,,,,,,,,,100,,,,,100,,,,,100,,,,,100,,,,,100,100,100,100,100,100,100,100,,,,
Libia,LBY,"Contaminación del aire por PM2,5, población expuesta a niveles que exceden el valor indicativo de la Organización Mundial de la Salud (OMS) (% del total)",EN.ATM.PM25.MC.ZS,,,,,,,,,,,,,,,,,,,,,,,,,,,,,,,100,,,,,100,,,,,100,,,,,100,,,,,100,100,100,100,100,100,100,100,,,,
Santa Lucía,LCA,"Contaminación del aire por PM2,5, población expuesta a niveles que exceden el valor indicativo de la Organización Mundial de la Salud (OMS) (% del total)",EN.ATM.PM25.MC.ZS,,,,,,,,,,,,,,,,,,,,,,,,,,,,,,,100,,,,,100,,,,,100,,,,,100,,,,,100,100,100,100,100,100,100,100,,,,
América Latina y el Caribe,LCN,"Contaminación del aire por PM2,5, población expuesta a niveles que exceden el valor indicativo de la Organización Mundial de la Salud (OMS) (% del total)",EN.ATM.PM25.MC.ZS,,,,,,,,,,,,,,,,,,,,,,,,,,,,,,,95.27216036,,,,,95.50313062,,,,,96.47013791,,,,,96.08519156,,,,,96.56598739,97.01878628,94.97614817,94.31491052,91.1233236,90.2523534,87.18648235,87.1984959,,,,
Países menos desarrollados: clasificación de las Naciones Unidas,LDC,"Contaminación del aire por PM2,5, población expuesta a niveles que exceden el valor indicativo de la Organización Mundial de la Salud (OMS) (% del total)",EN.ATM.PM25.MC.ZS,,,,,,,,,,,,,,,,,,,,,,,,,,,,,,,100,,,,,100,,,,,100,,,,,100,,,,,100,100,100,100,100,100,100,99.99994683,,,,
Países de ingreso bajo,LIC,"Contaminación del aire por PM2,5, población expuesta a niveles que exceden el valor indicativo de la Organización Mundial de la Salud (OMS) (% del total)",EN.ATM.PM25.MC.ZS,,,,,,,,,,,,,,,,,,,,,,,,,,,,,,,100,,,,,100,,,,,100,,,,,100,,,,,100,100,100,100,100,100,100,100,,,,
Liechtenstein,LIE,"Contaminación del aire por PM2,5, población expuesta a niveles que exceden el valor indicativo de la Organización Mundial de la Salud (OMS) (% del total)",EN.ATM.PM25.MC.ZS,,,,,,,,,,,,,,,,,,,,,,,,,,,,,,,,,,,,,,,,,,,,,,,,,,,,,,,,,,,,,,
Sri Lanka,LKA,"Contaminación del aire por PM2,5, población expuesta a niveles que exceden el valor indicativo de la Organización Mundial de la Salud (OMS) (% del total)",EN.ATM.PM25.MC.ZS,,,,,,,,,,,,,,,,,,,,,,,,,,,,,,,100,,,,,100,,,,,100,,,,,100,,,,,100,100,100,100,100,100,69.06296284,45.53841726,,,,
Países de ingreso mediano bajo,LMC,"Contaminación del aire por PM2,5, población expuesta a niveles que exceden el valor indicativo de la Organización Mundial de la Salud (OMS) (% del total)",EN.ATM.PM25.MC.ZS,,,,,,,,,,,,,,,,,,,,,,,,,,,,,,,99.78450043,,,,,99.78865257,,,,,99.74612838,,,,,99.9121921,,,,,99.69669627,99.83534707,99.95679554,99.50259269,99.50030901,99.65527347,99.31866891,99.13670242,,,,
Ingreso mediano y bajo,LMY,"Contaminación del aire por PM2,5, población expuesta a niveles que exceden el valor indicativo de la Organización Mundial de la Salud (OMS) (% del total)",EN.ATM.PM25.MC.ZS,,,,,,,,,,,,,,,,,,,,,,,,,,,,,,,99.35248492,,,,,99.34262225,,,,,99.39390856,,,,,99.462835,,,,,99.4154377,99.51329397,99.38880625,99.03909281,98.70943756,98.6817978,98.18861504,98.09832874,,,,
Lesotho,LSO,"Contaminación del aire por PM2,5, población expuesta a niveles que exceden el valor indicativo de la Organización Mundial de la Salud (OMS) (% del total)",EN.ATM.PM25.MC.ZS,,,,,,,,,,,,,,,,,,,,,,,,,,,,,,,100,,,,,100,,,,,100,,,,,100,,,,,100,100,100,100,100,100,100,100,,,,
avanzada del dividendo demográfico,LTE,"Contaminación del aire por PM2,5, población expuesta a niveles que exceden el valor indicativo de la Organización Mundial de la Salud (OMS) (% del total)",EN.ATM.PM25.MC.ZS,,,,,,,,,,,,,,,,,,,,,,,,,,,,,,,98.37036972,,,,,98.29715565,,,,,98.555859,,,,,98.45818728,,,,,98.59346244,98.70360865,98.05461133,97.69115543,96.70988891,96.41701547,95.26209896,95.03656923,,,,
Lituania,LTU,"Contaminación del aire por PM2,5, población expuesta a niveles que exceden el valor indicativo de la Organización Mundial de la Salud (OMS) (% del total)",EN.ATM.PM25.MC.ZS,,,,,,,,,,,,,,,,,,,,,,,,,,,,,,,99.93809914,,,,,99.93632686,,,,,99.9443701,,,,,99.94080044,,,,,99.93703877,99.936274,99.93550171,99.93471758,99.93391988,99.5312153,97.07495748,95.99985931,,,,
Luxemburgo,LUX,"Contaminación del aire por PM2,5, población expuesta a niveles que exceden el valor indicativo de la Organización Mundial de la Salud (OMS) (% del total)",EN.ATM.PM25.MC.ZS,,,,,,,,,,,,,,,,,,,,,,,,,,,,,,,100,,,,,100,,,,,99.66423051,,,,,96.44054417,,,,,99.87426795,99.87655673,90.9053329,89.43147575,78.01659635,79.97926683,68.73273003,68.77562274,,,,
Letonia,LVA,"Contaminación del aire por PM2,5, población expuesta a niveles que exceden el valor indicativo de la Organización Mundial de la Salud (OMS) (% del total)",EN.ATM.PM25.MC.ZS,,,,,,,,,,,,,,,,,,,,,,,,,,,,,,,99.97949523,,,,,99.60808112,,,,,99.35650907,,,,,99.51499479,,,,,99.55003468,99.26025289,97.97096003,96.58677022,96.62907823,92.27308655,89.41149817,89.0140462,,,,
"Región Administrativa Especial de Macao, China",MAC,"Contaminación del aire por PM2,5, población expuesta a niveles que exceden el valor indicativo de la Organización Mundial de la Salud (OMS) (% del total)",EN.ATM.PM25.MC.ZS,,,,,,,,,,,,,,,,,,,,,,,,,,,,,,,,,,,,,,,,,,,,,,,,,,,,,,,,,,,,,,
Isla de San Martín (parte francesa),MAF,"Contaminación del aire por PM2,5, población expuesta a niveles que exceden el valor indicativo de la Organización Mundial de la Salud (OMS) (% del total)",EN.ATM.PM25.MC.ZS,,,,,,,,,,,,,,,,,,,,,,,,,,,,,,,,,,,,,,,,,,,,,,,,,,,,,,,,,,,,,,
Marruecos,MAR,"Contaminación del aire por PM2,5, población expuesta a niveles que exceden el valor indicativo de la Organización Mundial de la Salud (OMS) (% del total)",EN.ATM.PM25.MC.ZS,,,,,,,,,,,,,,,,,,,,,,,,,,,,,,,100,,,,,100,,,,,100,,,,,100,,,,,100,100,100,100,100,100,100,100,,,,
Mónaco,MCO,"Contaminación del aire por PM2,5, población expuesta a niveles que exceden el valor indicativo de la Organización Mundial de la Salud (OMS) (% del total)",EN.ATM.PM25.MC.ZS,,,,,,,,,,,,,,,,,,,,,,,,,,,,,,,,,,,,,,,,,,,,,,,,,,,,,,,,,,,,,,
República de Moldova,MDA,"Contaminación del aire por PM2,5, población expuesta a niveles que exceden el valor indicativo de la Organización Mundial de la Salud (OMS) (% del total)",EN.ATM.PM25.MC.ZS,,,,,,,,,,,,,,,,,,,,,,,,,,,,,,,100,,,,,100,,,,,100,,,,,100,,,,,100,100,100,100,100,100,100,100,,,,
Madagascar,MDG,"Contaminación del aire por PM2,5, población expuesta a niveles que exceden el valor indicativo de la Organización Mundial de la Salud (OMS) (% del total)",EN.ATM.PM25.MC.ZS,,,,,,,,,,,,,,,,,,,,,,,,,,,,,,,100,,,,,100,,,,,100,,,,,100,,,,,100,100,100,100,100,100,100,100,,,,
Maldivas,MDV,"Contaminación del aire por PM2,5, población expuesta a niveles que exceden el valor indicativo de la Organización Mundial de la Salud (OMS) (% del total)",EN.ATM.PM25.MC.ZS,,,,,,,,,,,,,,,,,,,,,,,,,,,,,,,99.99999839,,,,,99.99999863,,,,,99.99999784,,,,,99.99999814,,,,,99.99999846,99.99999851,99.99999854,99.99999848,8.40E-08,6.87E-08,0,0,,,,
Oriente Medio y Norte de África,MEA,"Contaminación del aire por PM2,5, población expuesta a niveles que exceden el valor indicativo de la Organización Mundial de la Salud (OMS) (% del total)",EN.ATM.PM25.MC.ZS,,,,,,,,,,,,,,,,,,,,,,,,,,,,,,,100,,,,,100,,,,,100,,,,,100,,,,,100,100,100,100,100,100,100,100,,,,
México,MEX,"Contaminación del aire por PM2,5, población expuesta a niveles que exceden el valor indicativo de la Organización Mundial de la Salud (OMS) (% del total)",EN.ATM.PM25.MC.ZS,,,,,,,,,,,,,,,,,,,,,,,,,,,,,,,99.96149786,,,,,99.95966067,,,,,99.93952763,,,,,99.94016516,,,,,99.93565185,99.94654393,99.93348652,99.91486566,99.7621771,99.71526554,99.656644,99.65612655,,,,
Islas Marshall,MHL,"Contaminación del aire por PM2,5, población expuesta a niveles que exceden el valor indicativo de la Organización Mundial de la Salud (OMS) (% del total)",EN.ATM.PM25.MC.ZS,,,,,,,,,,,,,,,,,,,,,,,,,,,,,,,100,,,,,100,,,,,100,,,,,100,,,,,100,100,100,99.99999885,99.99999883,99.9999988,99.99999634,99.99999626,,,,
 Ingreso mediano,MIC,"Contaminación del aire por PM2,5, población expuesta a niveles que exceden el valor indicativo de la Organización Mundial de la Salud (OMS) (% del total)",EN.ATM.PM25.MC.ZS,,,,,,,,,,,,,,,,,,,,,,,,,,,,,,,99.30323001,,,,,99.28930246,,,,,99.34142687,,,,,99.41245249,,,,,99.35599253,99.46307629,99.32487261,98.93721598,98.57073482,98.53812609,97.98834261,97.8849994,,,,
Macedonia del Norte,MKD,"Contaminación del aire por PM2,5, población expuesta a niveles que exceden el valor indicativo de la Organización Mundial de la Salud (OMS) (% del total)",EN.ATM.PM25.MC.ZS,,,,,,,,,,,,,,,,,,,,,,,,,,,,,,,100,,,,,100,,,,,100,,,,,100,,,,,100,100,100,100,100,100,100,100,,,,
Malí,MLI,"Contaminación del aire por PM2,5, población expuesta a niveles que exceden el valor indicativo de la Organización Mundial de la Salud (OMS) (% del total)",EN.ATM.PM25.MC.ZS,,,,,,,,,,,,,,,,,,,,,,,,,,,,,,,100,,,,,100,,,,,100,,,,,100,,,,,100,100,100,100,100,100,100,100,,,,
Malta,MLT,"Contaminación del aire por PM2,5, población expuesta a niveles que exceden el valor indicativo de la Organización Mundial de la Salud (OMS) (% del total)",EN.ATM.PM25.MC.ZS,,,,,,,,,,,,,,,,,,,,,,,,,,,,,,,100,,,,,100,,,,,100,,,,,100,,,,,100,100,100,100,100,100,100,100,,,,
Myanmar,MMR,"Contaminación del aire por PM2,5, población expuesta a niveles que exceden el valor indicativo de la Organización Mundial de la Salud (OMS) (% del total)",EN.ATM.PM25.MC.ZS,,,,,,,,,,,,,,,,,,,,,,,,,,,,,,,100,,,,,100,,,,,100,,,,,100,,,,,100,100,100,100,100,100,100,100,,,,
Oriente Medio y Norte de África (excluido altos ingresos),MNA,"Contaminación del aire por PM2,5, población expuesta a niveles que exceden el valor indicativo de la Organización Mundial de la Salud (OMS) (% del total)",EN.ATM.PM25.MC.ZS,,,,,,,,,,,,,,,,,,,,,,,,,,,,,,,100,,,,,100,,,,,100,,,,,100,,,,,100,100,100,100,100,100,100,100,,,,
Montenegro,MNE,"Contaminación del aire por PM2,5, población expuesta a niveles que exceden el valor indicativo de la Organización Mundial de la Salud (OMS) (% del total)",EN.ATM.PM25.MC.ZS,,,,,,,,,,,,,,,,,,,,,,,,,,,,,,,100,,,,,100,,,,,100,,,,,100,,,,,100,100,100,100,100,100,100,100,,,,
Mongolia,MNG,"Contaminación del aire por PM2,5, población expuesta a niveles que exceden el valor indicativo de la Organización Mundial de la Salud (OMS) (% del total)",EN.ATM.PM25.MC.ZS,,,,,,,,,,,,,,,,,,,,,,,,,,,,,,,96.56512735,,,,,96.36190814,,,,,97.48152104,,,,,97.79649035,,,,,98.13814086,98.35710531,98.074227,97.70801597,96.83417056,97.95178478,96.83175233,97.01398059,,,,
Mariana,MNP,"Contaminación del aire por PM2,5, población expuesta a niveles que exceden el valor indicativo de la Organización Mundial de la Salud (OMS) (% del total)",EN.ATM.PM25.MC.ZS,,,,,,,,,,,,,,,,,,,,,,,,,,,,,,,100,,,,,100,,,,,100,,,,,100,,,,,100,100,100,100,30.76923077,34.61538462,26.92307692,26.92307692,,,,
Mozambique,MOZ,"Contaminación del aire por PM2,5, población expuesta a niveles que exceden el valor indicativo de la Organización Mundial de la Salud (OMS) (% del total)",EN.ATM.PM25.MC.ZS,,,,,,,,,,,,,,,,,,,,,,,,,,,,,,,100,,,,,100,,,,,100,,,,,100,,,,,100,100,100,100,100,100,100,100,,,,
Mauritania,MRT,"Contaminación del aire por PM2,5, población expuesta a niveles que exceden el valor indicativo de la Organización Mundial de la Salud (OMS) (% del total)",EN.ATM.PM25.MC.ZS,,,,,,,,,,,,,,,,,,,,,,,,,,,,,,,100,,,,,100,,,,,100,,,,,100,,,,,100,100,100,100,100,100,100,100,,,,
Mauricio,MUS,"Contaminación del aire por PM2,5, población expuesta a niveles que exceden el valor indicativo de la Organización Mundial de la Salud (OMS) (% del total)",EN.ATM.PM25.MC.ZS,,,,,,,,,,,,,,,,,,,,,,,,,,,,,,,100,,,,,100,,,,,100,,,,,100,,,,,100,100,100,100,100,100,100,100,,,,
Malawi,MWI,"Contaminación del aire por PM2,5, población expuesta a niveles que exceden el valor indicativo de la Organización Mundial de la Salud (OMS) (% del total)",EN.ATM.PM25.MC.ZS,,,,,,,,,,,,,,,,,,,,,,,,,,,,,,,100,,,,,100,,,,,100,,,,,100,,,,,100,100,100,100,100,100,100,100,,,,
Malasia,MYS,"Contaminación del aire por PM2,5, población expuesta a niveles que exceden el valor indicativo de la Organización Mundial de la Salud (OMS) (% del total)",EN.ATM.PM25.MC.ZS,,,,,,,,,,,,,,,,,,,,,,,,,,,,,,,94.95693047,,,,,95.17303681,,,,,95.45669023,,,,,97.87994072,,,,,96.99731116,97.47653099,98.16901013,94.02458549,92.00610059,93.50817804,90.41989266,90.53734381,,,,
América del Norte,NAC,"Contaminación del aire por PM2,5, población expuesta a niveles que exceden el valor indicativo de la Organización Mundial de la Salud (OMS) (% del total)",EN.ATM.PM25.MC.ZS,,,,,,,,,,,,,,,,,,,,,,,,,,,,,,,44.83567256,,,,,41.55554118,,,,,39.9486041,,,,,41.81014296,,,,,35.79410175,43.92057678,26.6481766,19.43571588,10.775422,7.706948001,3.016645903,3.022481481,,,,
Namibia,NAM,"Contaminación del aire por PM2,5, población expuesta a niveles que exceden el valor indicativo de la Organización Mundial de la Salud (OMS) (% del total)",EN.ATM.PM25.MC.ZS,,,,,,,,,,,,,,,,,,,,,,,,,,,,,,,100,,,,,100,,,,,100,,,,,100,,,,,100,100,100,100,100,100,100,100,,,,
Nueva Caledonia,NCL,"Contaminación del aire por PM2,5, población expuesta a niveles que exceden el valor indicativo de la Organización Mundial de la Salud (OMS) (% del total)",EN.ATM.PM25.MC.ZS,,,,,,,,,,,,,,,,,,,,,,,,,,,,,,,,,,,,,,,,,,,,,,,,,,,,,,,,,,,,,,
Níger,NER,"Contaminación del aire por PM2,5, población expuesta a niveles que exceden el valor indicativo de la Organización Mundial de la Salud (OMS) (% del total)",EN.ATM.PM25.MC.ZS,,,,,,,,,,,,,,,,,,,,,,,,,,,,,,,100,,,,,100,,,,,100,,,,,100,,,,,100,100,100,100,100,100,100,100,,,,
Nigeria,NGA,"Contaminación del aire por PM2,5, población expuesta a niveles que exceden el valor indicativo de la Organización Mundial de la Salud (OMS) (% del total)",EN.ATM.PM25.MC.ZS,,,,,,,,,,,,,,,,,,,,,,,,,,,,,,,100,,,,,100,,,,,100,,,,,100,,,,,100,100,100,100,100,100,100,100,,,,
Nicaragua,NIC,"Contaminación del aire por PM2,5, población expuesta a niveles que exceden el valor indicativo de la Organización Mundial de la Salud (OMS) (% del total)",EN.ATM.PM25.MC.ZS,,,,,,,,,,,,,,,,,,,,,,,,,,,,,,,99.99719986,,,,,99.99704911,,,,,99.93397652,,,,,99.93610384,,,,,99.93810046,99.93853213,99.93897528,99.93943253,99.92908546,99.92951799,99.90322898,99.90269513,,,,
Países Bajos,NLD,"Contaminación del aire por PM2,5, población expuesta a niveles que exceden el valor indicativo de la Organización Mundial de la Salud (OMS) (% del total)",EN.ATM.PM25.MC.ZS,,,,,,,,,,,,,,,,,,,,,,,,,,,,,,,100,,,,,100,,,,,100,,,,,100,,,,,100,100,100,99.87044972,99.83441405,99.81168269,99.59579833,99.59814148,,,,
Noruega,NOR,"Contaminación del aire por PM2,5, población expuesta a niveles que exceden el valor indicativo de la Organización Mundial de la Salud (OMS) (% del total)",EN.ATM.PM25.MC.ZS,,,,,,,,,,,,,,,,,,,,,,,,,,,,,,,33.31155134,,,,,29.61784285,,,,,24.47496462,,,,,10.17240142,,,,,11.88874562,31.41142832,2.894365392,2.236189866,2.245509395,2.024656744,2.034288278,2.0438378,,,,
Nepal,NPL,"Contaminación del aire por PM2,5, población expuesta a niveles que exceden el valor indicativo de la Organización Mundial de la Salud (OMS) (% del total)",EN.ATM.PM25.MC.ZS,,,,,,,,,,,,,,,,,,,,,,,,,,,,,,,100,,,,,100,,,,,100,,,,,100,,,,,100,100,100,100,100,100,100,100,,,,
Nauru,NRU,"Contaminación del aire por PM2,5, población expuesta a niveles que exceden el valor indicativo de la Organización Mundial de la Salud (OMS) (% del total)",EN.ATM.PM25.MC.ZS,,,,,,,,,,,,,,,,,,,,,,,,,,,,,,,,,,,,,,,,,,,,,,,,,,,,,,,,,,,,,,
Nueva Zelandia,NZL,"Contaminación del aire por PM2,5, población expuesta a niveles que exceden el valor indicativo de la Organización Mundial de la Salud (OMS) (% del total)",EN.ATM.PM25.MC.ZS,,,,,,,,,,,,,,,,,,,,,,,,,,,,,,,8.860266351,,,,,8.710659189,,,,,10.75232632,,,,,10.2826206,,,,,9.81955069,9.776035735,4.472606438,0.352390197,0.350996258,0.349574374,0,0,,,,
Miembros OCDE,OED,"Contaminación del aire por PM2,5, población expuesta a niveles que exceden el valor indicativo de la Organización Mundial de la Salud (OMS) (% del total)",EN.ATM.PM25.MC.ZS,,,,,,,,,,,,,,,,,,,,,,,,,,,,,,,80.56756069,,,,,79.25103822,,,,,78.35068569,,,,,78.70181541,,,,,76.79204444,79.53946458,73.11393267,70.56253655,66.14533376,65.65331423,60.67423611,60.77381539,,,,
Omán,OMN,"Contaminación del aire por PM2,5, población expuesta a niveles que exceden el valor indicativo de la Organización Mundial de la Salud (OMS) (% del total)",EN.ATM.PM25.MC.ZS,,,,,,,,,,,,,,,,,,,,,,,,,,,,,,,100,,,,,100,,,,,100,,,,,100,,,,,100,100,100,100,100,100,100,100,,,,
Otros Estados pequeos,OSS,"Contaminación del aire por PM2,5, población expuesta a niveles que exceden el valor indicativo de la Organización Mundial de la Salud (OMS) (% del total)",EN.ATM.PM25.MC.ZS,,,,,,,,,,,,,,,,,,,,,,,,,,,,,,,90.7270011,,,,,90.33708108,,,,,90.95206103,,,,,91.75689251,,,,,92.73018831,92.87222833,92.72869054,92.79191121,91.37487157,91.43576477,91.49664269,91.54467993,,,,
Pakistán,PAK,"Contaminación del aire por PM2,5, población expuesta a niveles que exceden el valor indicativo de la Organización Mundial de la Salud (OMS) (% del total)",EN.ATM.PM25.MC.ZS,,,,,,,,,,,,,,,,,,,,,,,,,,,,,,,100,,,,,100,,,,,100,,,,,100,,,,,100,100,100,100,100,100,100,100,,,,
Panamá,PAN,"Contaminación del aire por PM2,5, población expuesta a niveles que exceden el valor indicativo de la Organización Mundial de la Salud (OMS) (% del total)",EN.ATM.PM25.MC.ZS,,,,,,,,,,,,,,,,,,,,,,,,,,,,,,,96.50353782,,,,,96.45012156,,,,,97.30895047,,,,,96.92503385,,,,,96.21783,97.22883275,96.61297445,93.47575967,90.52608058,87.28942893,72.13426654,71.63674766,,,,
Perú,PER,"Contaminación del aire por PM2,5, población expuesta a niveles que exceden el valor indicativo de la Organización Mundial de la Salud (OMS) (% del total)",EN.ATM.PM25.MC.ZS,,,,,,,,,,,,,,,,,,,,,,,,,,,,,,,100,,,,,100,,,,,100,,,,,100,,,,,100,100,100,99.99976584,99.99952668,99.97338889,99.96870207,99.96292629,,,,
Filipinas,PHL,"Contaminación del aire por PM2,5, población expuesta a niveles que exceden el valor indicativo de la Organización Mundial de la Salud (OMS) (% del total)",EN.ATM.PM25.MC.ZS,,,,,,,,,,,,,,,,,,,,,,,,,,,,,,,100,,,,,100,,,,,99.99556805,,,,,100,,,,,100,99.99524119,99.99693349,99.71480136,99.01975306,99.43309287,96.81597569,96.37065877,,,,
Palau,PLW,"Contaminación del aire por PM2,5, población expuesta a niveles que exceden el valor indicativo de la Organización Mundial de la Salud (OMS) (% del total)",EN.ATM.PM25.MC.ZS,,,,,,,,,,,,,,,,,,,,,,,,,,,,,,,,,,,,,,,,,,,,,,,,,,,,,,,,,,,,,,
Papua Nueva Guinea,PNG,"Contaminación del aire por PM2,5, población expuesta a niveles que exceden el valor indicativo de la Organización Mundial de la Salud (OMS) (% del total)",EN.ATM.PM25.MC.ZS,,,,,,,,,,,,,,,,,,,,,,,,,,,,,,,100,,,,,100,,,,,100,,,,,100,,,,,100,100,100,100,100,100,99.99548932,99.99516574,,,,
Polonia,POL,"Contaminación del aire por PM2,5, población expuesta a niveles que exceden el valor indicativo de la Organización Mundial de la Salud (OMS) (% del total)",EN.ATM.PM25.MC.ZS,,,,,,,,,,,,,,,,,,,,,,,,,,,,,,,100,,,,,100,,,,,100,,,,,100,,,,,100,100,100,99.99621648,99.98156642,99.99621497,99.96609131,99.96611573,,,,
previa al dividendo demográfico,PRE,"Contaminación del aire por PM2,5, población expuesta a niveles que exceden el valor indicativo de la Organización Mundial de la Salud (OMS) (% del total)",EN.ATM.PM25.MC.ZS,,,,,,,,,,,,,,,,,,,,,,,,,,,,,,,100,,,,,100,,,,,100,,,,,100,,,,,100,100,100,100,100,100,100,100,,,,
Puerto Rico,PRI,"Contaminación del aire por PM2,5, población expuesta a niveles que exceden el valor indicativo de la Organización Mundial de la Salud (OMS) (% del total)",EN.ATM.PM25.MC.ZS,,,,,,,,,,,,,,,,,,,,,,,,,,,,,,,1.834862385,,,,,1.834862385,,,,,63.30275229,,,,,62.3853211,,,,,62.3853211,71.55963303,45.87155963,32.11009174,15.59633028,14.67889908,3.669724771,3.669724771,,,,
"Corea, República Popular Democrática de",PRK,"Contaminación del aire por PM2,5, población expuesta a niveles que exceden el valor indicativo de la Organización Mundial de la Salud (OMS) (% del total)",EN.ATM.PM25.MC.ZS,,,,,,,,,,,,,,,,,,,,,,,,,,,,,,,100,,,,,100,,,,,100,,,,,100,,,,,100,100,100,100,100,100,100,100,,,,
Portugal,PRT,"Contaminación del aire por PM2,5, población expuesta a niveles que exceden el valor indicativo de la Organización Mundial de la Salud (OMS) (% del total)",EN.ATM.PM25.MC.ZS,,,,,,,,,,,,,,,,,,,,,,,,,,,,,,,54.49449582,,,,,48.87356647,,,,,49.84767952,,,,,58.43390699,,,,,53.00973616,57.452384,30.88129227,30.89886297,25.18319789,27.45849405,14.71847244,16.00835663,,,,
Paraguay,PRY,"Contaminación del aire por PM2,5, población expuesta a niveles que exceden el valor indicativo de la Organización Mundial de la Salud (OMS) (% del total)",EN.ATM.PM25.MC.ZS,,,,,,,,,,,,,,,,,,,,,,,,,,,,,,,100,,,,,100,,,,,100,,,,,100,,,,,100,100,100,100,100,100,98.93517738,99.05830825,,,,
Ribera Occidental y Gaza,PSE,"Contaminación del aire por PM2,5, población expuesta a niveles que exceden el valor indicativo de la Organización Mundial de la Salud (OMS) (% del total)",EN.ATM.PM25.MC.ZS,,,,,,,,,,,,,,,,,,,,,,,,,,,,,,,100,,,,,100,,,,,100,,,,,100,,,,,100,100,100,100,100,100,100,100,,,,
Estados pequeos de las Islas del Pacfico,PSS,"Contaminación del aire por PM2,5, población expuesta a niveles que exceden el valor indicativo de la Organización Mundial de la Salud (OMS) (% del total)",EN.ATM.PM25.MC.ZS,,,,,,,,,,,,,,,,,,,,,,,,,,,,,,,100,,,,,100,,,,,100,,,,,100,,,,,100,100,100,99.99999997,99.99782474,99.99198649,97.64698576,93.62984611,,,,
posterior al dividendo demográfico,PST,"Contaminación del aire por PM2,5, población expuesta a niveles que exceden el valor indicativo de la Organización Mundial de la Salud (OMS) (% del total)",EN.ATM.PM25.MC.ZS,,,,,,,,,,,,,,,,,,,,,,,,,,,,,,,77.85369973,,,,,76.06668497,,,,,74.71648271,,,,,74.8484029,,,,,72.28576448,75.52114004,67.78113523,64.6434838,59.37557376,58.7631872,52.76482179,52.80222296,,,,
Polinesia Francesa,PYF,"Contaminación del aire por PM2,5, población expuesta a niveles que exceden el valor indicativo de la Organización Mundial de la Salud (OMS) (% del total)",EN.ATM.PM25.MC.ZS,,,,,,,,,,,,,,,,,,,,,,,,,,,,,,,,,,,,,,,,,,,,,,,,,,,,,,,,,,,,,,
Qatar,QAT,"Contaminación del aire por PM2,5, población expuesta a niveles que exceden el valor indicativo de la Organización Mundial de la Salud (OMS) (% del total)",EN.ATM.PM25.MC.ZS,,,,,,,,,,,,,,,,,,,,,,,,,,,,,,,100,,,,,100,,,,,100,,,,,100,,,,,100,100,100,100,100,100,100,100,,,,
Rumania,ROU,"Contaminación del aire por PM2,5, población expuesta a niveles que exceden el valor indicativo de la Organización Mundial de la Salud (OMS) (% del total)",EN.ATM.PM25.MC.ZS,,,,,,,,,,,,,,,,,,,,,,,,,,,,,,,100,,,,,100,,,,,100,,,,,100,,,,,100,100,99.58100827,99.40746472,98.52413489,99.37909475,97.90706909,98.01746488,,,,
Federación de Rusia,RUS,"Contaminación del aire por PM2,5, población expuesta a niveles que exceden el valor indicativo de la Organización Mundial de la Salud (OMS) (% del total)",EN.ATM.PM25.MC.ZS,,,,,,,,,,,,,,,,,,,,,,,,,,,,,,,96.50772374,,,,,95.31075763,,,,,95.85455547,,,,,95.81597809,,,,,96.2900289,95.82223265,95.32326071,93.45096234,93.32059119,91.8274019,91.7079918,91.609329,,,,
Rwanda,RWA,"Contaminación del aire por PM2,5, población expuesta a niveles que exceden el valor indicativo de la Organización Mundial de la Salud (OMS) (% del total)",EN.ATM.PM25.MC.ZS,,,,,,,,,,,,,,,,,,,,,,,,,,,,,,,100,,,,,100,,,,,100,,,,,100,,,,,100,100,100,100,100,100,100,100,,,,
Asia meridional,SAS,"Contaminación del aire por PM2,5, población expuesta a niveles que exceden el valor indicativo de la Organización Mundial de la Salud (OMS) (% del total)",EN.ATM.PM25.MC.ZS,,,,,,,,,,,,,,,,,,,,,,,,,,,,,,,100,,,,,100,,,,,100,,,,,100,,,,,100,100,100,100,99.97481999,99.97399625,99.60280403,99.32091839,,,,
Arabia Saudita,SAU,"Contaminación del aire por PM2,5, población expuesta a niveles que exceden el valor indicativo de la Organización Mundial de la Salud (OMS) (% del total)",EN.ATM.PM25.MC.ZS,,,,,,,,,,,,,,,,,,,,,,,,,,,,,,,100,,,,,100,,,,,100,,,,,100,,,,,100,100,100,100,100,100,100,100,,,,
Sudán,SDN,"Contaminación del aire por PM2,5, población expuesta a niveles que exceden el valor indicativo de la Organización Mundial de la Salud (OMS) (% del total)",EN.ATM.PM25.MC.ZS,,,,,,,,,,,,,,,,,,,,,,,,,,,,,,,100,,,,,100,,,,,100,,,,,100,,,,,100,100,100,100,100,100,100,100,,,,
Senegal,SEN,"Contaminación del aire por PM2,5, población expuesta a niveles que exceden el valor indicativo de la Organización Mundial de la Salud (OMS) (% del total)",EN.ATM.PM25.MC.ZS,,,,,,,,,,,,,,,,,,,,,,,,,,,,,,,100,,,,,100,,,,,100,,,,,100,,,,,100,100,100,100,100,100,100,100,,,,
Singapur,SGP,"Contaminación del aire por PM2,5, población expuesta a niveles que exceden el valor indicativo de la Organización Mundial de la Salud (OMS) (% del total)",EN.ATM.PM25.MC.ZS,,,,,,,,,,,,,,,,,,,,,,,,,,,,,,,100,,,,,100,,,,,100,,,,,100,,,,,100,100,100,100,100,100,100,100,,,,
Islas Salomón,SLB,"Contaminación del aire por PM2,5, población expuesta a niveles que exceden el valor indicativo de la Organización Mundial de la Salud (OMS) (% del total)",EN.ATM.PM25.MC.ZS,,,,,,,,,,,,,,,,,,,,,,,,,,,,,,,100,,,,,100,,,,,100,,,,,100,,,,,100,100,100,100,100,100,100,99.91756319,,,,
Sierra Leona,SLE,"Contaminación del aire por PM2,5, población expuesta a niveles que exceden el valor indicativo de la Organización Mundial de la Salud (OMS) (% del total)",EN.ATM.PM25.MC.ZS,,,,,,,,,,,,,,,,,,,,,,,,,,,,,,,100,,,,,100,,,,,100,,,,,100,,,,,100,100,100,100,100,100,100,100,,,,
El Salvador,SLV,"Contaminación del aire por PM2,5, población expuesta a niveles que exceden el valor indicativo de la Organización Mundial de la Salud (OMS) (% del total)",EN.ATM.PM25.MC.ZS,,,,,,,,,,,,,,,,,,,,,,,,,,,,,,,100,,,,,100,,,,,100,,,,,100,,,,,100,100,100,100,100,100,100,100,,,,
San Marino,SMR,"Contaminación del aire por PM2,5, población expuesta a niveles que exceden el valor indicativo de la Organización Mundial de la Salud (OMS) (% del total)",EN.ATM.PM25.MC.ZS,,,,,,,,,,,,,,,,,,,,,,,,,,,,,,,,,,,,,,,,,,,,,,,,,,,,,,,,,,,,,,
Somalia,SOM,"Contaminación del aire por PM2,5, población expuesta a niveles que exceden el valor indicativo de la Organización Mundial de la Salud (OMS) (% del total)",EN.ATM.PM25.MC.ZS,,,,,,,,,,,,,,,,,,,,,,,,,,,,,,,100,,,,,100,,,,,100,,,,,100,,,,,100,100,100,100,100,100,100,100,,,,
Serbia,SRB,"Contaminación del aire por PM2,5, población expuesta a niveles que exceden el valor indicativo de la Organización Mundial de la Salud (OMS) (% del total)",EN.ATM.PM25.MC.ZS,,,,,,,,,,,,,,,,,,,,,,,,,,,,,,,100,,,,,100,,,,,100,,,,,100,,,,,100,100,100,100,100,100,100,100,,,,
África al sur del Sahara (excluido altos ingresos),SSA,"Contaminación del aire por PM2,5, población expuesta a niveles que exceden el valor indicativo de la Organización Mundial de la Salud (OMS) (% del total)",EN.ATM.PM25.MC.ZS,,,,,,,,,,,,,,,,,,,,,,,,,,,,,,,100,,,,,100,,,,,100,,,,,100,,,,,100,100,100,100,100,100,100,100,,,,
Sudán del Sur,SSD,"Contaminación del aire por PM2,5, población expuesta a niveles que exceden el valor indicativo de la Organización Mundial de la Salud (OMS) (% del total)",EN.ATM.PM25.MC.ZS,,,,,,,,,,,,,,,,,,,,,,,,,,,,,,,100,,,,,100,,,,,100,,,,,100,,,,,100,100,100,100,100,100,100,100,,,,
África al sur del Sahara,SSF,"Contaminación del aire por PM2,5, población expuesta a niveles que exceden el valor indicativo de la Organización Mundial de la Salud (OMS) (% del total)",EN.ATM.PM25.MC.ZS,,,,,,,,,,,,,,,,,,,,,,,,,,,,,,,100,,,,,100,,,,,100,,,,,100,,,,,100,100,100,100,100,100,100,100,,,,
Pequeños Estados,SST,"Contaminación del aire por PM2,5, población expuesta a niveles que exceden el valor indicativo de la Organización Mundial de la Salud (OMS) (% del total)",EN.ATM.PM25.MC.ZS,,,,,,,,,,,,,,,,,,,,,,,,,,,,,,,93.55293762,,,,,93.200666,,,,,93.54539114,,,,,94.03221941,,,,,94.61392838,94.69960326,94.57460629,94.60497583,93.52476601,93.55072707,93.43652023,93.21386629,,,,
Santo Tomé y Príncipe,STP,"Contaminación del aire por PM2,5, población expuesta a niveles que exceden el valor indicativo de la Organización Mundial de la Salud (OMS) (% del total)",EN.ATM.PM25.MC.ZS,,,,,,,,,,,,,,,,,,,,,,,,,,,,,,,100,,,,,100,,,,,100,,,,,100,,,,,100,100,100,100,100,100,100,100,,,,
Suriname,SUR,"Contaminación del aire por PM2,5, población expuesta a niveles que exceden el valor indicativo de la Organización Mundial de la Salud (OMS) (% del total)",EN.ATM.PM25.MC.ZS,,,,,,,,,,,,,,,,,,,,,,,,,,,,,,,100,,,,,100,,,,,100,,,,,100,,,,,100,100,100,100,100,100,100,100,,,,
República Eslovaca,SVK,"Contaminación del aire por PM2,5, población expuesta a niveles que exceden el valor indicativo de la Organización Mundial de la Salud (OMS) (% del total)",EN.ATM.PM25.MC.ZS,,,,,,,,,,,,,,,,,,,,,,,,,,,,,,,100,,,,,100,,,,,100,,,,,100,,,,,100,100,100,100,100,100,100,100,,,,
Eslovenia,SVN,"Contaminación del aire por PM2,5, población expuesta a niveles que exceden el valor indicativo de la Organización Mundial de la Salud (OMS) (% del total)",EN.ATM.PM25.MC.ZS,,,,,,,,,,,,,,,,,,,,,,,,,,,,,,,100,,,,,100,,,,,100,,,,,100,,,,,100,100,99.83625221,99.83610299,99.79339245,99.79371471,99.47412541,99.49102528,,,,
Suecia,SWE,"Contaminación del aire por PM2,5, población expuesta a niveles que exceden el valor indicativo de la Organización Mundial de la Salud (OMS) (% del total)",EN.ATM.PM25.MC.ZS,,,,,,,,,,,,,,,,,,,,,,,,,,,,,,,7.235441292,,,,,5.370486576,,,,,4.985989813,,,,,3.995810186,,,,,4.326183371,5.884544297,3.595308585,3.475081808,3.676452145,3.555146241,3.595702677,3.636487382,,,,
Eswatini,SWZ,"Contaminación del aire por PM2,5, población expuesta a niveles que exceden el valor indicativo de la Organización Mundial de la Salud (OMS) (% del total)",EN.ATM.PM25.MC.ZS,,,,,,,,,,,,,,,,,,,,,,,,,,,,,,,100,,,,,100,,,,,100,,,,,100,,,,,100,100,100,100,100,100,100,100,,,,
Sint Maarten (Dutch part),SXM,"Contaminación del aire por PM2,5, población expuesta a niveles que exceden el valor indicativo de la Organización Mundial de la Salud (OMS) (% del total)",EN.ATM.PM25.MC.ZS,,,,,,,,,,,,,,,,,,,,,,,,,,,,,,,,,,,,,,,,,,,,,,,,,,,,,,,,,,,,,,
Seychelles,SYC,"Contaminación del aire por PM2,5, población expuesta a niveles que exceden el valor indicativo de la Organización Mundial de la Salud (OMS) (% del total)",EN.ATM.PM25.MC.ZS,,,,,,,,,,,,,,,,,,,,,,,,,,,,,,,100,,,,,100,,,,,100,,,,,100,,,,,100,100,100,100,100,100,100,100,,,,
República Árabe Siria,SYR,"Contaminación del aire por PM2,5, población expuesta a niveles que exceden el valor indicativo de la Organización Mundial de la Salud (OMS) (% del total)",EN.ATM.PM25.MC.ZS,,,,,,,,,,,,,,,,,,,,,,,,,,,,,,,100,,,,,100,,,,,100,,,,,100,,,,,100,100,100,100,100,100,100,100,,,,
Islas Turcas y Caicos,TCA,"Contaminación del aire por PM2,5, población expuesta a niveles que exceden el valor indicativo de la Organización Mundial de la Salud (OMS) (% del total)",EN.ATM.PM25.MC.ZS,,,,,,,,,,,,,,,,,,,,,,,,,,,,,,,,,,,,,,,,,,,,,,,,,,,,,,,,,,,,,,
Chad,TCD,"Contaminación del aire por PM2,5, población expuesta a niveles que exceden el valor indicativo de la Organización Mundial de la Salud (OMS) (% del total)",EN.ATM.PM25.MC.ZS,,,,,,,,,,,,,,,,,,,,,,,,,,,,,,,100,,,,,100,,,,,100,,,,,100,,,,,100,100,100,100,100,100,100,100,,,,
Asia oriental y el Pacífico (BIRF y la AIF),TEA,"Contaminación del aire por PM2,5, población expuesta a niveles que exceden el valor indicativo de la Organización Mundial de la Salud (OMS) (% del total)",EN.ATM.PM25.MC.ZS,,,,,,,,,,,,,,,,,,,,,,,,,,,,,,,99.66969052,,,,,99.66505386,,,,,99.59666491,,,,,99.84701645,,,,,99.50817744,99.71791099,99.90886189,99.16141042,99.12736378,99.37802557,99.13198756,99.08594176,,,,
Europa y Asia central (BIRF y la AIF),TEC,"Contaminación del aire por PM2,5, población expuesta a niveles que exceden el valor indicativo de la Organización Mundial de la Salud (OMS) (% del total)",EN.ATM.PM25.MC.ZS,,,,,,,,,,,,,,,,,,,,,,,,,,,,,,,98.70656558,,,,,98.29323396,,,,,98.48357374,,,,,98.4979846,,,,,98.68736092,98.5519018,98.32367088,97.69410581,97.43884955,97.05925979,96.71981292,96.70895712,,,,
Togo,TGO,"Contaminación del aire por PM2,5, población expuesta a niveles que exceden el valor indicativo de la Organización Mundial de la Salud (OMS) (% del total)",EN.ATM.PM25.MC.ZS,,,,,,,,,,,,,,,,,,,,,,,,,,,,,,,100,,,,,100,,,,,100,,,,,100,,,,,100,100,100,100,100,100,100,100,,,,
Tailandia,THA,"Contaminación del aire por PM2,5, población expuesta a niveles que exceden el valor indicativo de la Organización Mundial de la Salud (OMS) (% del total)",EN.ATM.PM25.MC.ZS,,,,,,,,,,,,,,,,,,,,,,,,,,,,,,,100,,,,,100,,,,,100,,,,,100,,,,,100,100,100,100,100,100,100,100,,,,
Tayikistán,TJK,"Contaminación del aire por PM2,5, población expuesta a niveles que exceden el valor indicativo de la Organización Mundial de la Salud (OMS) (% del total)",EN.ATM.PM25.MC.ZS,,,,,,,,,,,,,,,,,,,,,,,,,,,,,,,100,,,,,100,,,,,100,,,,,100,,,,,100,100,100,100,100,100,100,100,,,,
Turkmenistán,TKM,"Contaminación del aire por PM2,5, población expuesta a niveles que exceden el valor indicativo de la Organización Mundial de la Salud (OMS) (% del total)",EN.ATM.PM25.MC.ZS,,,,,,,,,,,,,,,,,,,,,,,,,,,,,,,100,,,,,100,,,,,100,,,,,100,,,,,100,100,100,100,100,100,100,100,,,,
América Latina y el Caribe (BIRF y la AIF),TLA,"Contaminación del aire por PM2,5, población expuesta a niveles que exceden el valor indicativo de la Organización Mundial de la Salud (OMS) (% del total)",EN.ATM.PM25.MC.ZS,,,,,,,,,,,,,,,,,,,,,,,,,,,,,,,95.93450752,,,,,96.14303358,,,,,96.63793935,,,,,96.23681213,,,,,96.71604319,97.11858316,95.17739304,94.57616906,91.39875806,90.49978975,87.40827694,87.40720848,,,,
Timor-Leste,TLS,"Contaminación del aire por PM2,5, población expuesta a niveles que exceden el valor indicativo de la Organización Mundial de la Salud (OMS) (% del total)",EN.ATM.PM25.MC.ZS,,,,,,,,,,,,,,,,,,,,,,,,,,,,,,,100,,,,,100,,,,,100,,,,,100,,,,,100,100,100,100,100,100,100,100,,,,
Oriente Medio y Norte de África (BIRF y la AIF),TMN,"Contaminación del aire por PM2,5, población expuesta a niveles que exceden el valor indicativo de la Organización Mundial de la Salud (OMS) (% del total)",EN.ATM.PM25.MC.ZS,,,,,,,,,,,,,,,,,,,,,,,,,,,,,,,100,,,,,100,,,,,100,,,,,100,,,,,100,100,100,100,100,100,100,100,,,,
Tonga,TON,"Contaminación del aire por PM2,5, población expuesta a niveles que exceden el valor indicativo de la Organización Mundial de la Salud (OMS) (% del total)",EN.ATM.PM25.MC.ZS,,,,,,,,,,,,,,,,,,,,,,,,,,,,,,,99.99999999,,,,,99.99999999,,,,,100,,,,,100,,,,,100,100,100,100,100,100,99.80641697,99.81259193,,,,
Asia meridional (BIRF y la AIF),TSA,"Contaminación del aire por PM2,5, población expuesta a niveles que exceden el valor indicativo de la Organización Mundial de la Salud (OMS) (% del total)",EN.ATM.PM25.MC.ZS,,,,,,,,,,,,,,,,,,,,,,,,,,,,,,,100,,,,,100,,,,,100,,,,,100,,,,,100,100,100,100,99.97481999,99.97399625,99.60280403,99.32091839,,,,
África al sur del Sahara (BIRF y la AIF),TSS,"Contaminación del aire por PM2,5, población expuesta a niveles que exceden el valor indicativo de la Organización Mundial de la Salud (OMS) (% del total)",EN.ATM.PM25.MC.ZS,,,,,,,,,,,,,,,,,,,,,,,,,,,,,,,100,,,,,100,,,,,100,,,,,100,,,,,100,100,100,100,100,100,100,100,,,,
Trinidad y Tobago,TTO,"Contaminación del aire por PM2,5, población expuesta a niveles que exceden el valor indicativo de la Organización Mundial de la Salud (OMS) (% del total)",EN.ATM.PM25.MC.ZS,,,,,,,,,,,,,,,,,,,,,,,,,,,,,,,100,,,,,100,,,,,100,,,,,100,,,,,100,100,100,100,100,100,100,100,,,,
Túnez,TUN,"Contaminación del aire por PM2,5, población expuesta a niveles que exceden el valor indicativo de la Organización Mundial de la Salud (OMS) (% del total)",EN.ATM.PM25.MC.ZS,,,,,,,,,,,,,,,,,,,,,,,,,,,,,,,100,,,,,100,,,,,100,,,,,100,,,,,100,100,100,100,100,100,100,100,,,,
Turquía,TUR,"Contaminación del aire por PM2,5, población expuesta a niveles que exceden el valor indicativo de la Organización Mundial de la Salud (OMS) (% del total)",EN.ATM.PM25.MC.ZS,,,,,,,,,,,,,,,,,,,,,,,,,,,,,,,100,,,,,100,,,,,100,,,,,100,,,,,100,100,100,100,100,100,100,100,,,,
Tuvalu,TUV,"Contaminación del aire por PM2,5, población expuesta a niveles que exceden el valor indicativo de la Organización Mundial de la Salud (OMS) (% del total)",EN.ATM.PM25.MC.ZS,,,,,,,,,,,,,,,,,,,,,,,,,,,,,,,,,,,,,,,,,,,,,,,,,,,,,,,,,,,,,,
Tanzanía,TZA,"Contaminación del aire por PM2,5, población expuesta a niveles que exceden el valor indicativo de la Organización Mundial de la Salud (OMS) (% del total)",EN.ATM.PM25.MC.ZS,,,,,,,,,,,,,,,,,,,,,,,,,,,,,,,100,,,,,100,,,,,100,,,,,100,,,,,100,100,100,100,100,100,100,100,,,,
Uganda,UGA,"Contaminación del aire por PM2,5, población expuesta a niveles que exceden el valor indicativo de la Organización Mundial de la Salud (OMS) (% del total)",EN.ATM.PM25.MC.ZS,,,,,,,,,,,,,,,,,,,,,,,,,,,,,,,100,,,,,100,,,,,100,,,,,100,,,,,100,100,100,100,100,100,100,100,,,,
Ucrania,UKR,"Contaminación del aire por PM2,5, población expuesta a niveles que exceden el valor indicativo de la Organización Mundial de la Salud (OMS) (% del total)",EN.ATM.PM25.MC.ZS,,,,,,,,,,,,,,,,,,,,,,,,,,,,,,,100,,,,,100,,,,,100,,,,,100,,,,,100,100,100,100,100,100,100,100,,,,
Ingreso mediano alto,UMC,"Contaminación del aire por PM2,5, población expuesta a niveles que exceden el valor indicativo de la Organización Mundial de la Salud (OMS) (% del total)",EN.ATM.PM25.MC.ZS,,,,,,,,,,,,,,,,,,,,,,,,,,,,,,,98.80133033,,,,,98.74673282,,,,,98.88296313,,,,,98.81993276,,,,,98.93385176,98.99813044,98.5302524,98.22149605,97.38604293,97.10449475,96.26939759,96.25696773,,,,
Uruguay,URY,"Contaminación del aire por PM2,5, población expuesta a niveles que exceden el valor indicativo de la Organización Mundial de la Salud (OMS) (% del total)",EN.ATM.PM25.MC.ZS,,,,,,,,,,,,,,,,,,,,,,,,,,,,,,,83.40555755,,,,,84.36546617,,,,,89.81683012,,,,,77.48441659,,,,,85.45845617,93.26190735,60.50843033,55.38994434,28.73578061,26.44415702,22.39524307,22.38574466,,,,
Estados Unidos,USA,"Contaminación del aire por PM2,5, población expuesta a niveles que exceden el valor indicativo de la Organización Mundial de la Salud (OMS) (% del total)",EN.ATM.PM25.MC.ZS,,,,,,,,,,,,,,,,,,,,,,,,,,,,,,,47.99773704,,,,,44.69445371,,,,,43.08134508,,,,,44.22056176,,,,,38.21303236,46.68619853,28.65808101,20.84055734,11.73129721,8.465306507,3.334435592,3.34317037,,,,
Uzbekistán,UZB,"Contaminación del aire por PM2,5, población expuesta a niveles que exceden el valor indicativo de la Organización Mundial de la Salud (OMS) (% del total)",EN.ATM.PM25.MC.ZS,,,,,,,,,,,,,,,,,,,,,,,,,,,,,,,100,,,,,100,,,,,100,,,,,100,,,,,100,100,100,100,100,100,100,100,,,,
San Vicente y las Granadinas,VCT,"Contaminación del aire por PM2,5, población expuesta a niveles que exceden el valor indicativo de la Organización Mundial de la Salud (OMS) (% del total)",EN.ATM.PM25.MC.ZS,,,,,,,,,,,,,,,,,,,,,,,,,,,,,,,100,,,,,100,,,,,100,,,,,100,,,,,100,100,100,100,100,100,100,100,,,,
Venezuela,VEN,"Contaminación del aire por PM2,5, población expuesta a niveles que exceden el valor indicativo de la Organización Mundial de la Salud (OMS) (% del total)",EN.ATM.PM25.MC.ZS,,,,,,,,,,,,,,,,,,,,,,,,,,,,,,,100,,,,,100,,,,,100,,,,,100,,,,,100,100,100,99.99991345,99.99774982,99.99508316,99.93307859,99.93366243,,,,
Islas Vírgenes Británicas,VGB,"Contaminación del aire por PM2,5, población expuesta a niveles que exceden el valor indicativo de la Organización Mundial de la Salud (OMS) (% del total)",EN.ATM.PM25.MC.ZS,,,,,,,,,,,,,,,,,,,,,,,,,,,,,,,,,,,,,,,,,,,,,,,,,,,,,,,,,,,,,,
Islas Vírgenes (EE.UU.),VIR,"Contaminación del aire por PM2,5, población expuesta a niveles que exceden el valor indicativo de la Organización Mundial de la Salud (OMS) (% del total)",EN.ATM.PM25.MC.ZS,,,,,,,,,,,,,,,,,,,,,,,,,,,,,,,50,,,,,50,,,,,100,,,,,100,,,,,100,100,100,100,50,50,40,40,,,,
Viet Nam,VNM,"Contaminación del aire por PM2,5, población expuesta a niveles que exceden el valor indicativo de la Organización Mundial de la Salud (OMS) (% del total)",EN.ATM.PM25.MC.ZS,,,,,,,,,,,,,,,,,,,,,,,,,,,,,,,100,,,,,100,,,,,100,,,,,100,,,,,100,100,100,100,100,100,100,100,,,,
Vanuatu,VUT,"Contaminación del aire por PM2,5, población expuesta a niveles que exceden el valor indicativo de la Organización Mundial de la Salud (OMS) (% del total)",EN.ATM.PM25.MC.ZS,,,,,,,,,,,,,,,,,,,,,,,,,,,,,,,100,,,,,100,,,,,100,,,,,100,,,,,100,100,100,100,100,100,99.99999999,99.99999999,,,,
Mundo,WLD,"Contaminación del aire por PM2,5, población expuesta a niveles que exceden el valor indicativo de la Organización Mundial de la Salud (OMS) (% del total)",EN.ATM.PM25.MC.ZS,,,,,,,,,,,,,,,,,,,,,,,,,,,,,,,95.31768291,,,,,95.17582363,,,,,95.2134084,,,,,95.43796689,,,,,95.14472645,95.77382122,94.47639315,93.73800297,92.67383555,92.60178045,91.32512169,91.30868597,,,,
Samoa,WSM,"Contaminación del aire por PM2,5, población expuesta a niveles que exceden el valor indicativo de la Organización Mundial de la Salud (OMS) (% del total)",EN.ATM.PM25.MC.ZS,,,,,,,,,,,,,,,,,,,,,,,,,,,,,,,100,,,,,100,,,,,100,,,,,100,,,,,100,100,100,100,100,100,100,100,,,,
Kosovo,XKX,"Contaminación del aire por PM2,5, población expuesta a niveles que exceden el valor indicativo de la Organización Mundial de la Salud (OMS) (% del total)",EN.ATM.PM25.MC.ZS,,,,,,,,,,,,,,,,,,,,,,,,,,,,,,,,,,,,,,,,,,,,,,,,,,,,,,,,,,,,,,
"Yemen, Rep. del",YEM,"Contaminación del aire por PM2,5, población expuesta a niveles que exceden el valor indicativo de la Organización Mundial de la Salud (OMS) (% del total)",EN.ATM.PM25.MC.ZS,,,,,,,,,,,,,,,,,,,,,,,,,,,,,,,100,,,,,100,,,,,100,,,,,100,,,,,100,100,100,100,100,100,100,100,,,,
Sudáfrica,ZAF,"Contaminación del aire por PM2,5, población expuesta a niveles que exceden el valor indicativo de la Organización Mundial de la Salud (OMS) (% del total)",EN.ATM.PM25.MC.ZS,,,,,,,,,,,,,,,,,,,,,,,,,,,,,,,100,,,,,100,,,,,100,,,,,100,,,,,100,100,100,100,100,100,100,100,,,,
Zambia,ZMB,"Contaminación del aire por PM2,5, población expuesta a niveles que exceden el valor indicativo de la Organización Mundial de la Salud (OMS) (% del total)",EN.ATM.PM25.MC.ZS,,,,,,,,,,,,,,,,,,,,,,,,,,,,,,,100,,,,,100,,,,,100,,,,,100,,,,,100,100,100,100,100,100,100,100,,,,
Zimbabwe,ZWE,"Contaminación del aire por PM2,5, población expuesta a niveles que exceden el valor indicativo de la Organización Mundial de la Salud (OMS) (% del total)",EN.ATM.PM25.MC.ZS,,,,,,,,,,,,,,,,,,,,,,,,,,,,,,,100,,,,,100,,,,,100,,,,,100,,,,,100,100,100,100,100,100,100,100,,,,